"wyszuk514";"W jaki sposób układ limfatyczny łączy się z układem krwionośnym?";"QC_PROCEDURE";"manner"
"wyszuk215";"Przez kogo zostały zniszczone Pompeje?";"QC_PER:ARG";"natural-phenomenon"
"wyszuk288";"Czemu Antwerpia zawdzięcza swój dobrobyt?";"QC_NONPER";"entity-other"
"215";""Na jakiej stronie da się obejrzeć 4-ty sezon ""Pamiętnika Wampirów""?"";"QC_LOC:PLACE";"web-page"
"wyszuk557";"Kogo pracodawca nie może zwolnić?";"QC_PER:ARG";"individual"
"448";"Czym rozpakować rar?";"QC_NONPER";"software"
"wyszuk33";"Co to jest mirra?";"QC_DEF:BE";"definition"
"wyszuk179";"Kiedy przylatuje jemiołuszka?";"QC_TEMP:MOM";"date"
"hipi713";"Czy w Niemczech są słonie?";"QC_DECISION";"yes-no"
"hipi467";"Gdzie jest Mokotów?";"QC_LOC:PLACE";"location-other"
"hipi539";"Jak nazywa się dziewczyna Nergala?";"QC_STATE:NAME";"individual"
"181";"Jak pozbyć się stonek?";"QC_PROCEDURE";"manner"
"hipi404";"Czy Bednarek jest katolikiem?";"QC_DECISION";"yes-no"
"wyszuk63";"Dlaczego na drzwiach piszemy K+M+B?";"QC_CAUSE";"reason"
"569";"Jak efektownie tasować karty?";"QC_PROCEDURE";"manner"
"118";"Jak ominąć limity na Maxvideo?";"QC_PROCEDURE";"manner"
"wyszuk72";"Dlaczego drzewa zrzucają liście?";"QC_CAUSE";"reason"
"q100";"Jaki jest termin zwrotu podatku VAT dla polskiego podatnika, który świadczy jedynie usługi podlegające opodatkowaniu na terytorium krajów UE?";"QC_TEMP:MOM";"date"
"hipi206";"Kiedy umrze Rysiek z Klanu?";"QC_TEMP:MOM";"date"
"hipi286";"Co to jest ACTA?";"QC_DEF:BE";"definition"
"hipi613";"Kto zabił Osamę bin Ladena?";"QC_PER:ARG";"individual"
"17";"Skąd brać napisy do filmów?";"QC_LOC:ORIG";"web-page"
"hipi2";"Co brać na przeziębienie?";"QC_NONPER";"dis-med"
"wyszuk281";"Od kiedy Polska jest w NATO?";"QC_TEMP:MOM";"date"
"hipi281";"Co to jest Litwa?";"QC_DEF:BE";"definition"
"wyszuk38";"Kto to jest kompozytor?";"QC_DEF:PER";"definition"
"hipi700";"Co tam nowego na UAM?";"QC_NONPER";"description"
"195";"Dlaczego mamy sny?";"QC_CAUSE";"reason"
"39";"Co to jest projekt denko?";"QC_DEF:BE";"definition"
"wyszuk441";"Czym karmić psa?";"QC_NONPER";"food"
"wyszuk232";"Ile zarabia policjant?";"QC_QUANTITY:GEN";"money"
"wyszuk433";"Pod czym powinien spać noworodek?";"QC_NONPER";"entity-other"
"wyszuk457";"Czym izolować fundamenty?";"QC_NONPER";"substance"
"wyszuk574";"Jak mało wydawać na jedzenie?";"QC_PROCEDURE";"manner"
"hipi41";"Czy 30 Seconds to Mars będą w Polsce ?";"QC_DECISION";"yes-no"
"33";"Co zrobić, aby modelina byłą twarda?";"QC_NONPER";"description"
"q217";"Czy od nieodpłatnego zniesienia współwłasności nieruchomości zawieranego pomiędzy teściową a synową należy zapłacić podatek od spadków i darowizn?";"QC_DECISION";"yes-no"
"hipi112";"Gdzie Nergal będzie jurorem?";"QC_LOC:PLACE";"media"
"5";"Co można odliczyć od podatku?";"QC_NONPER";"description"
"hipi226";"Kto był pierwszym prezydentem Polski?";"QC_PER:IDENT";"individual"
"wyszuk528";"Po co jest podwiązka?";"QC_CAUSE";"reason"
"hipi130";"Gdzie leży rynek w Poznaniu?";"QC_LOC:PLACE";"location-other"
"hipi693";"Podaj gdzie pojechał Lech Wałęsa.";"QC_LOC:END";"location-other"
"wyszuk463";"Jaki zawód wybrać?";"QC_DIRECT";"description"
"wyszuk597";"Za ile można sprzedać nerkę?";"QC_QUANTITY:PRICE";"money"
"wyszuk129";"Dlaczego ludzie się od siebie uzależniają?";"QC_CAUSE";"reason"
"hipi285";"Co to jest Sampler?";"QC_DEF:BE";"definition"
"hipi495";"Gdzie zginął Rysiek z "Klanu"?";"QC_LOC:PLACE";"location-other"
"wyszuk475";"Jaka jest liczba mieszkańców Wielkiej Brytanii?";"QC_STATE:GEN";"count"
"hipi407";"Czy krzesło jest meblem?";"QC_DECISION";"yes-no"
"wyszuk562";"Z kogo składa się rada ministrów?";"QC_PER:ARG";"individual"
"wyszuk200";"Skąd się biorą wszy?";"QC_CAUSE";"description"
"wyszuk343";"z czym graniczy Francja?";"QC_NONPER";"country"
"q21";"W jakim terminie należy złożyć deklarację w sprawie podatku od czynności cywilnoprawnych PCC-3?";"QC_DIRECT";"date"
"hipi586";"Kim jest Robert Lewandowski?";"QC_DEF:PER";"description"
"hipi72";"Czy Statua Wolności znajduje się w Kanadzie?";"QC_DECISION";"yes-no"
"wyszuk544";"Kogo nazywamy człowiekiem renesansu?";"QC_PER:ARG";"description"
"hipi209";"Kiedy urodził się Albert Einstein?";"QC_TEMP:MOM";"date"
"wyszuk78";"Którym papieżem był Jan Paweł II?";"QC_DIRECT";"count"
"wyszuk48";"Z czym podajemy żeberka?";"QC_NONPER";"food"
"wyszuk302";"Jak po latach zdać maturę?";"QC_PROCEDURE";"manner"
"wyszuk17";"Na czym polega tragizm Edypa?";"QC_NONPER";"description"
"166";"Dlaczego od słońca chce się kichać?";"QC_CAUSE";"reason"
"wyszuk477";"Jaka jest najniższa krajowa?";"QC_STATE:GEN";"money"
"wyszuk74";"Jakie są zastosowania wosku pszczelego?";"QC_STATE:GEN";"description"
"hipi642";"Kto wygrał wybory?";"QC_PER:ARG";"political-party"
"wyszuk206";"Na co chorują boksery?";"QC_NONPER";"dis-med"
"hipi486";"Gdzie odbył się Enter Festival?";"QC_LOC:PLACE";"location-other"
"wyszuk34";"Co to jest przebiegunowanie Ziemi?";"QC_DEF:BE";"definition"
"hipi605";"Kto to jest Jarosław Kaczyński?";"QC_DEF:PER";"description"
"hipi287";"Co to jest Austriacka Szkoła Ekonomii?";"QC_DEF:BE";"definition"
"hipi739";"Jak zostać milionerem?";"QC_PROCEDURE";"manner"
"wyszuk175";"Po co robić badanie krwi przy zapaleniu jelit?";"QC_CAUSE";"reason"
"wyszuk489";"Jakie witaminy ma jabłko?";"QC_DIRECT";"substance"
"wyszuk432";"Do kogo pasują rude włosy?";"QC_PER:ARG";"description"
"wyszuk257";"Jak edytować pdf?";"QC_PROCEDURE";"manner"
"hipi484";"Gdzie mieszka Doda?";"QC_LOC:PLACE";"location-other"
"111";"Jak zrobić czapkę na drutach?";"QC_PROCEDURE";"manner"
"hipi688";"Kiedy Talibowie zabili polskiego inżyniera?";"QC_TEMP:MOM";"date"
"wyszuk521";"Po co ludziom państwo?";"QC_CAUSE";"reason"
"wyszuk214";"Przez co odmienia się zaimek?";"QC_NONPER";"language"
"wyszuk138";"Dlaczego wypadają włosy?";"QC_CAUSE";"reason"
"hipi491";"Gdzie urodził się Mariusz Pudzianowski?";"QC_LOC:PLACE";"location-other"
"156";"Dlaczego Polska nie posiada elektrowni atomowej?";"QC_CAUSE";"reason"
"148";"Po co kotom wąsy?";"QC_CAUSE";"reason"
"wyszuk221";"Dlaczego nie odczuwamy ciśnienia atmosferycznego?";"QC_CAUSE";"reason"
"109";"Jak posadzić własną cytrynkę?";"QC_PROCEDURE";"manner"
"hipi564";"Jakie skutki prawne miała Konferencja Poczdamska?";"QC_DIRECT";"description"
"117";"O co chodzi w nowej promocji Coca Coli?";"QC_DEF:MEANING";"description"
"hipi731";"Jak się odchudzać?";"QC_PROCEDURE";"manner"
"hipi141";"Gdzie są Plewiska?";"QC_LOC:PLACE";"location-other"
"wyszuk92";"Z jakiego mięsa robimy rosół?";"QC_DIRECT";"food"
"hipi242";"Lady Gaga ma tatuaże?";"QC_DECISION";"yes-no"
"237";"W ciągu ilu dni przychodzi przesyłka z Allegro?";"QC_QUANTITY:GEN";"count"
"hipi198";"Kiedy PO wygrało wybory?";"QC_TEMP:MOM";"date"
"wyszuk329";"O której się robi jasno?";"QC_TEMP:MOM";"date"
"hipi365";"Czy Polska jest w Europie?";"QC_DECISION";"yes-no"
"wyszuk219";"Jakiego laptopa kupić?";"QC_DIRECT";"artifact"
"hipi390";"Czy Adam i Ewa mieli pępki?";"QC_DECISION";"yes-no"
"hipi140";"Gdzie rosną banany?";"QC_LOC:PLACE";"location-other"
"wyszuk326";"O której jest losowanie lotto?";"QC_TEMP:MOM";"date"
"wyszuk226";"Dlaczego Hellenowie nie stworzyli jednego państwa?";"QC_CAUSE";"reason"
"216";"Przez kogo Bóg zawarł z nami przymierze?";"QC_PER:ARG";"individual"
"hipi8";"Co robi Kluzik-Rostkowska?";"QC_NONPER";"description"
"wyszuk537";"Po co pisano kroniki?";"QC_CAUSE";"reason"
"q84";"Kiedy powstaje obowiązek ewidencjonowania obrotu przy zastosowaniu kasy rejestrującej?";"QC_TEMP:MOM";"description"
"548";"Kogo beatyfikował Jan Paweł II?";"QC_PER:ARG";"individual"
"wyszuk2";"Co to jest tablet?";"QC_DEF:BE";"definition"
"wyszuk195";"Z jakim zamiarem Bóg zwrócił się do Maryi?";"QC_DIRECT";"description"
"wyszuk260";"Jak malować brwi?";"QC_PROCEDURE";"manner"
"wyszuk185";"Gdzie najlepiej mieszkać w Polsce?";"QC_LOC:PLACE";"city"
"192";"Dlaczego faceci nie mają cellulitu?";"QC_CAUSE";"reason"
"wyszuk84";"Jakiego mężczyzny szukają kobiety?";"QC_DIRECT";"individual"
"wyszuk467";"Jaki urlop przysługuje pracownikowi?";"QC_DIRECT";"description"
"58";"Co to Rynek Niedźwiedzia?";"QC_DEF:BE";"definition"
"wyszuk105";"W którym tygodniu widać płeć dziecka?";"QC_DIRECT";"date"
"wyszuk108";"Jak zbić temperaturę dziecku?";"QC_PROCEDURE";"manner"
"hipi236";"Kto to jest Papież?";"QC_DEF:PER";"definition"
"135";"Jak długo trwa ciąża?";"QC_TEMP:PER";"period"
"97";"Co można zwiedzić ciekawego w Cieszynie?";"QC_NONPER";"description"
"hipi144";"Gdzie znajduje się UAM?";"QC_LOC:PLACE";"location-other"
"hipi28";"Co to jest światło?";"QC_DEF:BE";"definition"
"wyszuk407";"Do czego można wykorzystać starte jabłko?";"QC_NONPER";"description"
"hipi645";"Mam jęczmień co robić?";"QC_NONPER";"description"
"hipi157";"Ile lat ma Wałęsa?";"QC_QUANTITY:GEN";"count"
"wyszuk598";"Za ile kupiono Alaskę?";"QC_QUANTITY:PRICE";"money"
"150";"Po co kobietom okres?";"QC_CAUSE";"reason"
"wyszuk157";"Dlaczego budzę się w nocy?";"QC_CAUSE";"reason"
"194";"Jak sprawdzić moje IP?";"QC_PROCEDURE";"manner"
"wyszuk234";"Ile zarabia nauczyciel?";"QC_QUANTITY:GEN";"money"
"pytki125";"Co oznacza literka "D" w grupie krwi A rHD +?";"QC_DEF:MEANING";"expression"
"wyszuk12";"Czym się odżywia czeczotka?";"QC_NONPER";"food"
"80";"Jak wybielić skarpetki?";"QC_PROCEDURE";"manner"
"hipi350";"Co to są święta Bożego Narodzenia?";"QC_DEF:BE";"definition"
"wyszuk604";"Po ile są tablety?";"QC_QUANTITY:PRICE";"money"
"121";"Jakie są domowe sposoby na złe samopoczucie?";"QC_STATE:GEN";"description"
"wyszuk470";"Jaki gaz wydzielający się podczas pożaru stwarza zagrożenie zatrucia się?";"QC_DIRECT";"substance"
"hipi432";"Czy w Warszawie odbył się Marsz Równości?";"QC_DECISION";"yes-no"
"hipi212";"Kiedy zaczął się remont Kaponiery?";"QC_TEMP:MOM";"date"
"237";"Ilu było papieży?";"QC_QUANTITY:GEN";"count"
"163";"Kto wynalazł szachy?";"QC_PER:ARG";"individual"
"wyszuk412";"Do czego nosić body?";"QC_NONPER";"entity-other"
"wyszuk296";"Jak po hiszpańsku nazwano mityczną krainę złota?";"QC_STATE:GEN";"expression"
"hipi426";"Czy Sting zagrał koncert w Warszawie?";"QC_DECISION";"yes-no"
"q24";"W jakim terminie należy złożyć deklarację w sprawie podatku od czynności cywilnoprawnych PCC-3?";"QC_DIRECT";"period"
"hipi589";"Kto je ślimaki?";"QC_PER:ARG";"group"
"wyszuk584";"Skąd lumpeksy biorą ciuchy?";"QC_LOC:ORIG";"description"
"95";""Co to za piosenka: ""o nie, nie, nie, nie mam czasu pisać tych wszystkich bzdur... których pełno masz w swoim koszu""?"";"QC_DEF:BE";"title"
"wyszuk387";"Którędy do Gdańska z Warszawy?";"QC_LOC:TRAJ";"location-other"
"wyszuk70";"Dlaczego motyw ostatecznej zagłady świata tak bardzo inspiruje twórców różnych epok?";"QC_CAUSE";"reason"
"hipi357";"Czy Delhi jest w Azji?";"QC_DECISION";"yes-no"
"hipi703";"Co to jest żadziol?";"QC_DEF:BE";"definition"
"wyszuk484";"Jaka hierarchia wartości dominuje we współczesnym świecie?";"QC_DIRECT";"description"
"hipi265";"Z czym zjeść owsiankę?";"QC_DIRECT";"food"
"25";"Jaka substancja jest w ogrzewaczu do rąk?";"QC_DIRECT";"substance"
"wyszuk231";"Ile fps widzi oko?";"QC_QUANTITY:GEN";"count"
"wyszuk269";"Jak powstaje tęcza?";"QC_PROCEDURE";"manner"
"wyszuk502";"Jakie funkcje pełni plecha glonów wielokomórkowych?";"QC_DIRECT";"description"
"hipi550";"Jak zrobić jajecznicę?";"QC_PROCEDURE";"manner"
"hipi712";"Czy w Niemczech są geje?";"QC_DECISION";"yes-no"
"wyszuk150";"Dlaczego drętwieją ręce?";"QC_CAUSE";"reason"
"hipi643";"Kto zagra Kurta Cobaina?";"QC_PER:ARG";"individual"
"wyszuk511";"O jakich potrzebach dzieci zapominają dorośli?";"QC_DIRECT";"description"
"143";"Jak usunąć oś czasu na Facebooku?";"QC_PROCEDURE";"manner"
"wyszuk199";"Skąd pochodzą słowa "quod bonum felix faustum"?";"QC_LOC:ORIG";"intellect-other"
"9";"Czy można płacić kartą na poczcie?";"QC_DECISION";"yes-no"
"199";"Czym się różni konturówka do oczu od kredki do oczu?";"QC_NONPER";"description"
"wyszuk327";"O której leci "Ukryta Prawda"?";"QC_TEMP:MOM";"date"
"hipi652";"Dlaczego ludzie kradną?";"QC_CAUSE";"reason"
"67";"Jak postępować w przypadku odmrożenia?";"QC_PROCEDURE";"manner"
"wyszuk71";"Dlaczego morze jest słone?";"QC_CAUSE";"reason"
"240";"Ilu aktorów mogło występować w teatrze greckim?";"QC_QUANTITY:GEN";"count"
"228";"Od ilu lat można iść na nowego Spider-man'a?";"QC_QUANTITY:GEN";"count"
"hipi524";"Jak dojechać na festiwal w Jarocinie?";"QC_PROCEDURE";"manner"
"hipi65";"Czy Sheraton jest w Polsce?";"QC_DECISION";"yes-no"
"hipi528";"Jak ma imię Tusk?";"QC_STATE:NAME";"individual"
"wyszuk563";"Jak manipulować ludźmi?";"QC_PROCEDURE";"manner"
"wyszuk429";"Do kogo adresować list motywacyjny?";"QC_PER:ARG";"individual"
"hipi213";"Kiedy zaczął się remont Kaponiery w Poznaniu?";"QC_TEMP:MOM";"date"
"16";"Jak ubierali się joannici?";"QC_PROCEDURE";"manner"
"hipi454";"Gdzie leży Przemyśl?";"QC_LOC:PLACE";"location-other"
"wyszuk160";"W jaki sposób Grecy i Rzymianie czcili bogów?";"QC_PROCEDURE";"manner"
"hipi587";"Kim jest Sienkiewicz?";"QC_DEF:PER";"description"
"wyszuk88";"Jakiej wielkości są polskie nominały?";"QC_DIRECT";"size"
"hipi167";"Ile trwa ciąża?";"QC_TEMP:PER";"period"
"wyszuk373";"Ku czemu prowadzi globalizacja?";"QC_NONPER";"description"
"49";"Co to są cewki zapłonowe?";"QC_DEF:BE";"definition"
"hipi203";"Kiedy jest pierwszy dzień lata?";"QC_TEMP:MOM";"date"
"wyszuk536";"Po co się uczyć?";"QC_CAUSE";"reason"
"hipi134";"Gdzie mieszka Tusk?";"QC_LOC:PLACE";"location-other"
"wyszuk115";"Jak zrobić lukier?";"QC_PROCEDURE";"manner"
"hipi508";"Ile lat ma Liber?";"QC_QUANTITY:GEN";"count"
"126";"Ile kosztuje bilet PKP z Katowic do Poznania?";"QC_QUANTITY:PRICE";"money"
"hipi321";"Co to jest okres?";"QC_DEF:BE";"definition"
"pytki207";"Gdzie mogę obejrzeć "Bejbi Blues"?";"QC_LOC:PLACE";"location-other"
"wyszuk490";"Jakie witaminy ma banan?";"QC_DIRECT";"substance"
"hipi465";"Gdzie jest Liceum imienia Stanisława Dubois?";"QC_LOC:PLACE";"location-other"
"wyszuk361";"Gdzie ulokować pieniądze?";"QC_LOC:PLACE";"location-other"
"wyszuk336";"Z czego można zrobić choinkę?";"QC_NONPER";"substance"
"hipi626";"W którym wieku była Bitwa pod Grunwaldem?";"QC_TEMP:MOM";"date"
"hipi517";"Ile trwa ciąża u psa?";"QC_TEMP:PER";"period"
"110";"Jak zrobić kopytka?";"QC_PROCEDURE";"manner"
"hipi145";"Gdzie znajdują się Plewiska?";"QC_LOC:PLACE";"location-other"
"wyszuk68";"Dlaczego mak jest gorzki?";"QC_CAUSE";"reason"
"wyszuk275";"Na kiedy zapowiadają śnieg?";"QC_TEMP:MOM";"date"
"wyszuk362";"Gdzie uchwalono Konstytucje 3 maja?";"QC_LOC:PLACE";"location-other"
"245";"Ile kosztuje sukienka Lady Gagi z mięsa?";"QC_QUANTITY:PRICE";"money"
"wyszuk539";"Po co powstała Unia Europejska?";"QC_CAUSE";"reason"
"wyszuk149";"Dlaczego dzwoni w uszach?";"QC_CAUSE";"reason"
"hipi222";"Kim jest Orłoś?";"QC_DEF:PER";"description"
"hipi67";"Czy Sorbona jest w Paryżu?";"QC_DECISION";"yes-no"
"hipi202";"Kiedy będą wybory do Parlamentu Europejskiego?";"QC_TEMP:MOM";"date"
"wyszuk350";"Przez kogo do lecznictwa zostały wprowadzone tabletki?";"QC_PER:ARG";"individual"
"wyszuk193";"Z jakimi państwami graniczy Francja?";"QC_DIRECT";"country"
"hipi672";"Gdzie jest Bronek?";"QC_LOC:PLACE";"location-other"
"wyszuk176";"Po co bierzmowanie?";"QC_CAUSE";"reason"
"hipi137";"Gdzie na Ukrainie odbędą się mecze mistrzostw Europy?";"QC_LOC:ORIG";"location-other"
"wyszuk508";"Jakie choroby wywołują bakterie?";"QC_DIRECT";"dis-med"
"197";"Dlaczego psy wyją?";"QC_CAUSE";"reason"
"hipi216";"Kim był Kopernik?";"QC_DEF:PER";"description"
"wyszuk191";"Z jakiego kraju wywodzi się kolęda "Cicha noc"?";"QC_DIRECT";"country"
"hipi438";"Czy Warszawa jest stolicą Libanu?";"QC_DECISION";"yes-no"
"hipi220";"Kim jest Nergal?";"QC_DEF:PER";"description"
"hipi63";"Czy Poznań jest stolicą Polski?";"QC_DECISION";"yes-no"
"24";"Czego nie można włożyć do mikrofalówki?";"QC_NONPER";"entity-other"
"hipi523";"Kim jest Kubica?";"QC_DEF:PER";"description"
"hipi87";"Czy borsuki są niebezpieczne?";"QC_DECISION";"yes-no"
"wyszuk496";"Jakie utwory skomponował Fryderyk Chopin?";"QC_DIRECT";"title"
"hipi371";"Czy Rysy są w Polsce?";"QC_DECISION";"yes-no"
"wyszuk491";"Jakie ryby biorą w listopadzie?";"QC_DIRECT";"animal"
"hipi240";"Które miasta zorganizują mecze Mistrzostw Europy?";"QC_DIRECT";"city"
"wyszuk22";"Co to są proteiny?";"QC_DEF:BE";"definition"
"hipi170";"Ile wzrostu ma raper Mezo?";"QC_QUANTITY:GEN";"size"
"179";"Co poradzić na pchły?";"QC_NONPER";"description"
"hipi300";"Co to jest geriatria?";"QC_DEF:BE";"definition"
"hipi100";"Czy w Świebodzinie jest pomnik Jezusa Chrystusa?";"QC_DECISION";"yes-no"
"hipi96";"Czy Richardson jest z Zamachowskim?";"QC_DECISION";"yes-no"
"hipi504";"Ile kot ma nóg?";"QC_QUANTITY:GEN";"count"
"hipi639";"Kto kandyduje na szefa SLD?";"QC_PER:ARG";"individual"
"wyszuk233";"Ile zarabia lekarz?";"QC_QUANTITY:GEN";"money"
"191";"Jak rzucić palenie?";"QC_PROCEDURE";"manner"
"113";"Jaki pies przy małym dziecku?";"QC_DIRECT";"animal"
"hipi143";"Gdzie urodził się Chopin?";"QC_LOC:PLACE";"location-other"
"wyszuk139";"Dlaczego w nocy poci się główka dziecku?";"QC_CAUSE";"reason"
"wyszuk58";"O czym świadczą wyzwiska i agresja?";"QC_NONPER";"description"
"hipi11";"Co robił Donald Tusk?";"QC_NONPER";"description"
"136";"Dlaczego ludzie chorują?";"QC_CAUSE";"reason"
"wyszuk120";"Dlaczego zebra jest w paski?";"QC_CAUSE";"reason"
"hipi298";"Co to jest funkcja?";"QC_DEF:BE";"definition"
"hipi127";"Gdzie leży Paryż?";"QC_LOC:PLACE";"location-other"
"wyszuk205";"Na co zmarł Marek Grechuta?";"QC_NONPER";"dis-med"
"hipi349";"Co to są Brody?";"QC_DEF:BE";"definition"
"hipi585";"Kim jest pies?";"QC_DEF:PER";"definition"
"wyszuk585";"Skąd wziąć akt urodzenia?";"QC_LOC:ORIG";"institution"
"wyszuk357";"Czemu kot mruczy?";"QC_CAUSE";"reason"
"591";"Skąd lata easyJet?";"QC_LOC:ORIG";"city"
"hipi509";"Ile lat ma najstarszy człowiek na świecie?";"QC_QUANTITY:GEN";"count"
"hipi372";"Czy Sekwana przepływa przez Paryż?";"QC_DECISION";"yes-no"
"443";"Czym wyczyścić złoto?";"QC_NONPER";"substance"
"125";""Co oznacza literka ""D"" w grupie krwi A rHD +?"";"QC_DEF:MEANING";"expression"
"183";"Jak zmotywować dziecko do nauki?";"QC_PROCEDURE";"manner"
"235";"Na które uczelnie medyczne potrzebna jest matura z fizyki?";"QC_DIRECT";"institution"
"wyszuk235";"Ile osi symetrii ma prostokąt?";"QC_QUANTITY:GEN";"count"
"wyszuk61";"Czemu niemowlę wymiotuje po mleku?";"QC_CAUSE";"reason"
"hipi598";"Kto to był Janusz Korczak?";"QC_DEF:PER";"description"
"q167";"Czy po przeprowadzonej kontroli podatkowej w mojej firmie miałbym prawo wnieść dodatkowe uwagi i wyjaśnienia z nią związane?";"QC_DECISION";"yes-no"
"wyszuk507";"Jakie kolory ma tęcza?";"QC_DIRECT";"color"
"hipi148";"Ile lat ma Adam Lambert?";"QC_QUANTITY:GEN";"count"
"43";"Jaki krem na suche ręce?";"QC_DIRECT";"substance"
"hipi218";"Kim jest Doda?";"QC_DEF:PER";"description"
"hipi366";"Czy Polska leży w Europie?";"QC_DECISION";"yes-no"
"wyszuk501";"Jakie decyzje podejmowano podczas obrad sejmu walnego?";"QC_DIRECT";"description"
"wyszuk596";"Za ile jest Xbox 360?";"QC_QUANTITY:PRICE";"money"
"wyszuk419";"Do czego lipa jest przydatna ludziom?";"QC_NONPER";"description"
"wyszuk481";"Jaka ustawa tworzy podstawę prawa bilansowego?";"QC_DIRECT";"document"
"hipi403";"Czy Justin Bieber jest pedałem?";"QC_DECISION";"yes-no"
"hipi190";"Jaki biust ma Madonna?";"QC_DIRECT";"description"
"hipi394";"Czy Doda zerwała z Nergalem?";"QC_DECISION";"yes-no"
"hipi458";"Gdzie jest Drawa?";"QC_LOC:PLACE";"location-other"
"hipi43";"Czy Berlin jest stolicą Francji?";"QC_DECISION";"yes-no"
"wyszuk447";"Czym różni się iPhone 4 od 4s?";"QC_NONPER";"description"
"132";"Z kim będzie walczył Pudzian?";"QC_PER:ARG";"individual"
"wyszuk293";"Jak po francusku jest "kocham cię"?";"QC_STATE:GEN";"expression"
"wyszuk80";"Którego jest wigilia?";"QC_TEMP:MOM";"date"
"hipi437";"Czy w poznaniu jest uniwersytet Adama Mickiewicza?";"QC_DECISION";"yes-no"
"hipi340";"Co to książeczka zdrowia?";"QC_DEF:BE";"definition"
"wyszuk541";"Kogo można powołać do służby stałej w korpusie oficerów zawodowych wojska polskiego?";"QC_PER:ARG";"individual"
"wyszuk135";"Dlaczego puchną ręce?";"QC_CAUSE";"reason"
"hipi501";"Ile jest planet w układzie słonecznym?";"QC_QUANTITY:GEN";"count"
"q22";"Jakie trzeba spełniać warunki, aby skorzystać z ulgi rehabilitacyjnej?";"QC_DIRECT";"description"
"pytki95";"Co to za piosenka: "o nie, nie, nie, nie mam czasu pisać tych wszystkich bzdur... których pełno masz w swoim koszu"?";"QC_DEF:BE";"title"
"wyszuk522";"Po co faraonowie budowali piramidy?";"QC_CAUSE";"reason"
"hipi31";"Co to reggae?";"QC_DEF:BE";"definition"
"q214";"Czy przedawnione lub umorzone zobowiązania stanowią przychody w kwocie brutto, tj. łącznie z podatkiem od towarów i usług?";"QC_DECISION";"yes-no"
"hipi614";"Kto zabił Kennedy'ego?";"QC_PER:ARG";"individual"
"455";"Czym otworzyć epub?";"QC_NONPER";"software"
"180";"Jak szybko wyleczyć grypę?";"QC_PROCEDURE";"manner"
"wyszuk183";"Kiedy jest dzień babci i dziadka?";"QC_TEMP:MOM";"date"
"112";"Jak zmienią się zasady zdawania prawa jazdy?";"QC_PROCEDURE";"manner"
"hipi529";"Jak ma na imię Adam Mickiewicz?";"QC_STATE:NAME";"individual"
"wyszuk220";"Którego psa z miotu wybrać?";"QC_DIRECT";"animal"
"164";"Skąd się wzięła tradycja całowania pod jemiołą?";"QC_CAUSE";"reason"
"wyszuk449";"Czym różni się demokracja ateńska od dzisiejszej?";"QC_NONPER";"description"
"q105";"Kiedy przysługuje zwrot nadwyżki podatku naliczonego nad należnym w terminie skróconym - 25 dni oraz 60 dni?";"QC_TEMP:MOM";"description"
"wyszuk558";"Kogo powołuje sejm?";"QC_PER:ARG";"individual"
"hipi559";"Jakie miasta leżą w Polsce?";"QC_DIRECT";"city"
"hipi750";"Opowiedz coś o liczbach pierwszych.";"QC_NONPER";"description"
"wyszuk314";"Co ile wymieniać olej?";"QC_TEMP:QUANT";"period"
"wyszuk201";"Skąd przylatuje jemiołuszka?";"QC_LOC:ORIG";"location-other"
"hipi746";"Kto zabił Lecha Kaczyńskiego?";"QC_PER:ARG";"human-other"
"hipi325";"Co to jest penis?";"QC_DEF:BE";"definition"
"hipi574";"Kiedy zmarł Rysiek z "Klanu"?";"QC_TEMP:MOM";"date"
"wyszuk90";"Z jakiego miejsca można pobrać szpik kostny?";"QC_DIRECT";"body-part"
"355";"Na co wymienia się "ż"?";"QC_NONPER";"language"
"hipi333";"Co to jest titanic?";"QC_DEF:BE";"definition"
"hipi225";"Kim jest prof Jassem?";"QC_DEF:PER";"description"
"131";"Z kim będzie walczył Adamek?";"QC_PER:ARG";"individual"
"wyszuk575";"Jak mało spać i być wyspanym?";"QC_PROCEDURE";"manner"
"wyszuk85";"Jakiego koloru jest pluskwa?";"QC_DIRECT";"color"
"172";"Jak rozpoznać depresję?";"QC_PROCEDURE";"manner"
"211";"Jak usunąć konwersację z archiwum Gadu-Gadu?";"QC_PROCEDURE";"manner"
"wyszuk126";"Dlaczego kot wymiotuje?";"QC_CAUSE";"reason"
"wyszuk354";"O co chodzi z "69"?";"QC_DEF:MEANING";"description"
"hipi578";"Kim jest Ibisz?";"QC_DEF:PER";"description"
"wyszuk426";"Do czego rybie służy linia boczna?";"QC_NONPER";"description"
"wyszuk7";"Kto to jest hipster?";"QC_DEF:PER";"definition"
"225";"Co to jest Śledzik na naszej-klasie?";"QC_DEF:BE";"definition"
"hipi76";"Czy UAM jest w Poznaniu?";"QC_DECISION";"yes-no"
"hipi123";"Gdzie jest Ogród Japoński?";"QC_LOC:PLACE";"location-other"
"wyszuk367";"Gdzie występuje witamina D?";"QC_LOC:PLACE";"food"
"hipi113";"Gdzie aborcja jest legalna?";"QC_LOC:PLACE";"country"
"hipi207";"Kiedy urodził się Donald Tusk?";"QC_TEMP:MOM";"date"
"hipi288";"Co to jest BDSM?";"QC_DEF:BE";"definition"
"wyszuk16";"Na czym polega skraplanie powietrza?";"QC_NONPER";"description"
"83";"Co to jest grafen?";"QC_DEF:BE";"definition"
"hipi278";"Co to alkohol?";"QC_DEF:BE";"definition"
"wyszuk505";"Jakie jest prawidłowe ciśnienie?";"QC_STATE:GEN";"numeric-other"
"hipi720";"Gdzie jest Donald Tusk?";"QC_LOC:PLACE";"location-other"
"hipi593";"Kto jest prezydentem Niemiec?";"QC_PER:IDENT";"individual"
"hipi13";"Co to jest Hipisek?";"QC_DEF:BE";"definition"
"hipi563";"Jakie są objawy ciąży?";"QC_STATE:GEN";"dis-med"
"hipi541";"Jak nie zajść w ciążę?";"QC_PROCEDURE";"manner"
"hipi507";"Ile lat ma Kasia Tusk?";"QC_QUANTITY:GEN";"count"
"wyszuk397";"Nad czym sprawuje nadzór Państwowa Inspekcja Pracy?";"QC_NONPER";"description"
"hipi12";"Co się stało w Kicku?";"QC_NONPER";"description"
"wyszuk487";"Jakie elementy tworzą świat przedstawiony w utworze literackim?";"QC_DIRECT";"description"
"hipi433";"Czy w Warszawie odbył się marsz z okazji Święta Niepodległości?";"QC_DECISION";"yes-no"
"hipi309";"Co to jest komunizm?";"QC_DEF:BE";"definition"
"hipi726";"Ile jest gwiazd?";"QC_QUANTITY:GEN";"count"
"hipi328";"Co to jest powiat poznański?";"QC_DEF:BE";"definition"
"wyszuk518";"W jaki sposób ludzie mogą zapobiegać negatywnym skutkom zmian klimatycznych?";"QC_PROCEDURE";"manner"
"128";"Ile posolić ziemniaki?";"QC_QUANTITY:GEN";"numeric-other"
"436";"Czym myć lodówkę?";"QC_NONPER";"artifact"
"wyszuk261";"Jak medytować?";"QC_PROCEDURE";"manner"
"349";"Przez kogo są powoływani sędziowie?";"QC_PER:ARG";"institution"
"wyszuk498";"Jakie organizmy należą do roślin?";"QC_DIRECT";"plant"
"hipi297";"Co to jest filozofia analityczna?";"QC_DEF:BE";"definition"
"hipi120";"Gdzie jest Wrocław?";"QC_LOC:PLACE";"location-other"
"wyszuk222";"Dlaczego zimy w Grecji są chłodne?";"QC_CAUSE";"reason"
"hipi210";"Kiedy urodziła się Doda?";"QC_TEMP:MOM";"date"
"hipi441";"Czy Wawel jest w Japonii?";"QC_DECISION";"yes-no"
"wyszuk181";"Kiedy są dni płodne?";"QC_TEMP:MOM";"date"
"77";"Wieczne zmęczenie - co jest przyczyną?";"QC_CAUSE";"reason"
"wyszuk379";"Którędy przebiega autostrada A1?";"QC_LOC:TRAJ";"location-other"
"hipi160";"Ile ludzie produkują śmieci rocznie?";"QC_QUANTITY:GEN";"numeric-other"
"111";"Dlaczego faceci zapuszczają brodę?";"QC_CAUSE";"reason"
"212";"Jak sobie poradzić z dentofobią u dziecka?";"QC_PROCEDURE";"manner"
"wyszuk398";"Nad czym pracował Jan Matejko?";"QC_NONPER";"description"
"wyszuk510";"Jakie natężenie dźwięku jest uznawane za próg bólu?";"QC_DIRECT";"numeric-other"
"wyszuk132";"Dlaczego piecze, jak sikam?";"QC_CAUSE";"reason"
"hipi615";"Kto założył google?";"QC_PER:ARG";"individual"
"q254";"Jak mam dołączyć załączniki do mojego zeznania PIT-37?";"QC_PROCEDURE";"manner"
"wyszuk406";"Do czego służy bidet?";"QC_NONPER";"description"
"165";"Dlaczego w samolocie zatykają się uszy?";"QC_CAUSE";"reason"
"hipi15";"Co to jest PO?";"QC_DEF:BE";"definition"
"hipi681";"Gdzie pojechał Tusk?";"QC_LOC:END";"location-other"
"wyszuk242";"Ilu księży jest w Polsce?";"QC_QUANTITY:GEN";"count"
"hipi612";"Kto zabił Osamę?";"QC_PER:ARG";"individual"
"573";"Jak bardzo szybko schudnąć?";"QC_PROCEDURE";"manner"
"wyszuk552";"Kogo zabiła Balladyna??";"QC_PER:ARG";"individual"
"hipi412";"Czy mąka zamarza?";"QC_DECISION";"yes-no"
"153";"Kto wynalazł samochód?";"QC_PER:ARG";"individual"
"12";"Jak wrzucić filmik na YouTube?";"QC_PROCEDURE";"manner"
"wyszuk380";"Którędy przebiega międzynarodowa linia zmiany daty?";"QC_LOC:TRAJ";"location-other"
"32";"Gdzie w Poznaniu znajdę korty do gry w tenisa?";"QC_LOC:PLACE";"location-other"
"wyszuk534";"Po co są migdałki?";"QC_CAUSE";"reason"
"wyszuk8";"Kto to jest patriota?";"QC_DEF:PER";"definition"
"wyszuk174";"O co zapytać dewelopera?";"QC_NONPER";"description"
"hipi581";"Kim jest krowa?";"QC_DEF:PER";"definition"
"hipi616";"Od ilu lat są "demotywatory"?";"QC_TEMP:PER";"period"
"wyszuk31";"Co to jest gluten?";"QC_DEF:BE";"definition"
"hipi46";"Czy Doda jest z Nergalem?";"QC_DECISION";"yes-no"
"53";"Jak usunąć konto Facebook?";"QC_PROCEDURE";"manner"
"hipi95";"Czy przez Włocławek płynie wisła?";"QC_DECISION";"yes-no"
"hipi237";"Kto to jest Doda?";"QC_DEF:PER";"description"
"wyszuk572";"Jak bardzo boli poród?";"QC_STATE:INTENS";"description"
"hipi147";"Ile koń ma nóg?";"QC_QUANTITY:GEN";"count"
"205";"z jakiej strony mogę ściągnąć program Nero?";"QC_LOC:ORIG";"web-page"
"wyszuk359";"Gdzie można kupić ćwieki?";"QC_LOC:PLACE";"location-other"
"149";""Co oznacza ""lol"""";"QC_DEF:MEANING";"expression"
"73";"Jak napisać dobre CV?";"QC_PROCEDURE";"manner"
"186";"Dlaczego się całujemy?";"QC_CAUSE";"reason"
"157";"Dlaczego oczy kota świecą w ciemności?";"QC_CAUSE";"reason"
"hipi415";"Czy odra przepływa przez Dolny Śląsk?";"QC_DECISION";"yes-no"
"14";"Ile kosztuje mała pizza w Da Grasso?";"QC_QUANTITY:PRICE";"money"
"q225";"Czy w związku z zawarciem przedwstępnej umowy sprzedaży należy uiścić podatek od czynności cywilnoprawnych?";"QC_DECISION";"yes-no"
"wyszuk396";"Nad czym pracowała Maria Skłodowska-Curie?";"QC_NONPER";"description"
"137";"Dlaczego mamy kryzys?";"QC_CAUSE";"reason"
"wyszuk218";"Jakiego języka warto się uczyć?";"QC_DIRECT";"language"
"wyszuk20";"Na kim ciąży obowiązek alimentacyjny?";"QC_PER:ARG";"individual"
"hipi413";"Czy Nergal jest z Dodą?";"QC_DECISION";"yes-no"
"hipi115";"Gdzie jest Olsztyn?";"QC_LOC:PLACE";"location-other"
"174";"Skąd się wzięły symbole Wielkanocy?";"QC_CAUSE";"reason"
"21";"Ile wody nalać do fajki?";"QC_QUANTITY:GEN";"numeric-other"
"hipi560";"Jakie miasto jest stolicą Francji?";"QC_DIRECT";"city"
"129";"Odżywka do zniszczonych włosów?";"QC_DIRECT";"substance"
"wyszuk180";"Kiedy zaczyna się post w 2013?";"QC_TEMP:MOM";"date"
"600";"Po ile chodzi euro?";"QC_QUANTITY:PRICE";"money"
"wyszuk480";"Jaka rzeka przepływa przez Paryż?";"QC_DIRECT";"river"
"hipi577";"Kim jest Buffy?";"QC_DEF:PER";"description"
"22";"A ile warstw folii dajecie do fajki?";"QC_QUANTITY:GEN";"count"
"wyszuk520";"Po co ludzie się tną?";"QC_CAUSE";"reason"
"hipi429";"Czy w Poznaniu obchodzono rocznicę Smoleńska?";"QC_DECISION";"yes-no"
"wyszuk197";"Z jakiej mąki jest chleb razowy?";"QC_DIRECT";"substance"
"154";"Jak zrobić ogień z lodu?";"QC_PROCEDURE";"manner"
"hipi619";"Przez jaką firmę była stworzona gra "Mario Bros"?";"QC_DIRECT";"company"
"hipi19";"Co to jest kox?";"QC_DEF:BE";"definition"
"wyszuk460";"Czym płukać gardło?";"QC_NONPER";"substance"
"hipi660";"Skąd się wzięli Żydzi w Polsce?";"QC_CAUSE";"reason"
"hipi159";"Ile lat trwa wojna w Darfurze?";"QC_TEMP:PER";"count"
"wyszuk114";"Jak zajść w ciążę?";"QC_PROCEDURE";"manner"
"wyszuk243";"Ilu Polaków zginęło podczas 2-iej wojny?";"QC_QUANTITY:GEN";"count"
"hipi184";"Jak ubierają sie hipiski?";"QC_PROCEDURE";"manner"
"wyszuk306";"Której prowincji namiestnikiem był Cezar?";"QC_DIRECT";"admin1"
"hipi331";"Co to jest sex?";"QC_DEF:BE";"definition"
"wyszuk82";"Którą ze swoich decyzji zmienia Roland w trakcie walki?";"QC_DIRECT";"description"
"hipi86";"Czy borsuki mogą zabić?";"QC_DECISION";"yes-no"
"wyszuk241";"Ilu kolarzy pojawiło się na największej paradzie rowerów na świecie?";"QC_QUANTITY:GEN";"count"
"hipi24";"Co to jest seks?";"QC_DEF:BE";"definition"
"27";"Co to jest kredyt fasadowy?";"QC_DEF:BE";"definition"
"wyszuk410";"Do czego niezbędne jest posiadanie karty bibliotecznej Biblioteki Głównej UMCS?";"QC_NONPER";"description"
"wyszuk4";"Co to znaczy "xd"?";"QC_DEF:MEANING";"expression"
"wyszuk431";"Do kogo pisał listy święty Paweł?";"QC_PER:ARG";"group"
"wyszuk230";"Dlaczego sernik opada?";"QC_CAUSE";"reason"
"wyszuk18";"Na czym polega zjawisko indukcji elektromagnetycznej?";"QC_NONPER";"description"
"wyszuk27";"Z kim jest Doda?";"QC_PER:ARG";"individual"
"wyszuk461";"Jakim gatunkom psów obcina się ogony?";"QC_DIRECT";"animal"
"hipi378";"Czy Tamiza przepływa przez Londyn?";"QC_DECISION";"yes-no"
"50";"Jak wymienić termostat w Peugeocie?";"QC_PROCEDURE";"manner"
"hipi730";"Jak się ubrać na imprezę?";"QC_PROCEDURE";"manner"
"wyszuk291";"Jak po angielsku jest "gimnazjum"?";"QC_STATE:GEN";"expression"
"wyszuk37";"Kto to jest Hugo Chavez?";"QC_DEF:PER";"individual"
"152";"Dlaczego faceci zasypiają tuż po seksie?";"QC_CAUSE";"reason"
"hipi14";"Co to jest NFSnet?";"QC_DEF:BE";"definition"
"wyszuk462";"Jaki zawód jest najbardziej opłacalny?";"QC_DIRECT";"description"
"hipi600";"Kto to Donald Tusk?";"QC_DEF:PER";"description"
"hipi409";"Czy Marsz Równości odbył się w Poznaniu?";"QC_DECISION";"yes-no"
"96";"Jak wyglądała druga suknia Kwaśniewskiej?";"QC_STATE:GEN";"description"
"wyszuk295";"Jak po hebrajsku nazywa się Miejsce Czaszki?";"QC_STATE:GEN";"expression"
"116";"Czemu nie można dzielić przez 0?";"QC_CAUSE";"reason"
"wyszuk244";"Ilu Polaków korzysta z Internetu?";"QC_QUANTITY:GEN";"count"
"wyszuk576";"Jak mało jeść?";"QC_PROCEDURE";"manner"
"wyszuk411";"Do czego nosić legginsy?";"QC_NONPER";"entity-other"
"hipi424";"Czy Praga leży w Czechach?";"QC_DECISION";"yes-no"
"hipi608";"Kto to jest prawiczek?";"QC_DEF:PER";"definition"
"hipi701";"Co to jest strap-on?";"QC_DEF:BE";"definition"
"wyszuk309";"Ile kosztuje gram złota?";"QC_QUANTITY:PRICE";"money"
"hipi92";"Czy poznańska Katedra jest w Paryżu?";"QC_DECISION";"yes-no"
"wyszuk547";"Kogo brakuje na rynku pracy?";"QC_PER:ARG";"group"
"wyszuk103";"Które produkty mają dużo błonnika?";"QC_DIRECT";"food"
"63";"Jak napisać e-maila do wykładowcy?";"QC_PROCEDURE";"manner"
"hipi49";"Czy Jared Leto jest pedałem?";"QC_DECISION";"yes-no"
"hipi305";"Co to jest hipis?";"QC_DEF:BE";"definition"
"hipi89";"Czy francuska Sorbona leży w Paryżu?";"QC_DECISION";"yes-no"
"wyszuk413";"Do czego Bronisław Malinowski porównuje kulturę?";"QC_NONPER";"description"
"317";"Na ile części koła olimpijskie dzielą olimpijską flagę?";"QC_QUANTITY:GEN";"count"
"hipi740";"Jaki jest wynik meczu Polska-Czechy?";"QC_STATE:GEN";"numeric-other"
"hipi431";"Czy w Warszawie odbył się Marsz Niepodległości?";"QC_DECISION";"yes-no"
"hipi650";"Czy Korwin kandyduje?";"QC_DECISION";"yes-no"
"wyszuk424";"Do czego wykorzystywana jest siarka?";"QC_NONPER";"description"
"hipi251";"Podaj lokalizację UAM.";"QC_DIRECT";"location-other"
"147";"Jak działa kod binarny?";"QC_PROCEDURE";"manner"
"wyszuk389";"Z czym się je kawior?";"QC_NONPER";"food"
"hipi721";"Gdzie jest Kubica?";"QC_LOC:PLACE";"location-other"
"wyszuk89";"Jakiej restauracji brakuje w Kielcach?";"QC_DIRECT";"description"
"wyszuk421";"Do czego jest wykorzystywany węgiel?";"QC_NONPER";"description"
"hipi580";"Kim jest Justin Bieber?";"QC_DEF:PER";"description"
"hipi151";"Ile lat ma Doda?";"QC_QUANTITY:GEN";"count"
"hipi233";"Kto to Kurt Cobain?";"QC_DEF:PER";"description"
"hipi414";"Czy Nil jest w Polsce?";"QC_DECISION";"yes-no"
"wyszuk246";"Jak długo ładować akumulator?";"QC_TEMP:PER";"period"
"wyszuk346";"Przy kim zostaje dziecko po rozwodzie?";"QC_PER:ARG";"individual"
"hipi485";"Gdzie można uprawiać seks?";"QC_LOC:PLACE";"location-other"
"wyszuk384";"Którędy z Krakowa do Pragi?";"QC_LOC:TRAJ";"location-other"
"51";"Gdzie znajdę informacje o wysokości długu publicznego?";"QC_LOC:PLACE";"institution"
"184";"Czym są łaskotki?";"QC_DEF:BE";"definition"
"123";"Jak długo mam czekać na przelew z Paya?";"QC_PROCEDURE";"manner"
"wyszuk97";"Który bok Chrystusa został przebity?";"QC_DIRECT";"body-part"
"hipi463";"Gdzie jest krakowskie przedmieście?";"QC_LOC:PLACE";"location-other"
"11";"Jak odzyskać pieniądze z tytułu umowy zlecenia?";"QC_PROCEDURE";"manner"
"193";"Kiedy wychodzi Diablo 3?";"QC_TEMP:MOM";"date"
"hipi116";"Gdzie jest Opatówek?";"QC_LOC:PLACE";"location-other"
"wyszuk417";"Do czego zobowiązuje chrzest?";"QC_NONPER";"description"
"hipi171";"Ilu mieszkańców ma Radom?";"QC_QUANTITY:GEN";"count"
"601";"Po ile jest korona czeska?";"QC_QUANTITY:PRICE";"money"
"hipi64";"Czy Selena Gomez jest w ciąży?";"QC_DECISION";"yes-no"
"wyszuk19";"Na czym polega in vitro?";"QC_NONPER";"description"
"wyszuk26";"Kto to są masoni?";"QC_DEF:PER";"definition"
"wyszuk127";"Dlaczego leci krew z nosa?";"QC_CAUSE";"reason"
"wyszuk497";"Jakie organizmy należą do zwierząt?";"QC_DIRECT";"animal"
"wyszuk253";"Przez jakie krainy geograficzne przepływa Odra?";"QC_DIRECT";"country-region"
"60";"O czym świadczą bóle mięśni oraz osłabienie?";"QC_NONPER";"description"
"2";"Jak ściągać pliki muzyczne z wrzuty?";"QC_PROCEDURE";"manner"
"hipi10";"Co robią studenci po filozofii?";"QC_NONPER";"description"
"wyszuk86";"Jakiego zapachu nie lubią muchy?";"QC_DIRECT";"substance"
"hipi344";"Co to podatki?";"QC_DEF:BE";"definition"
"wyszuk192";"Z jakiego powodu ludzie ustanawiają prawa?";"QC_CAUSE";"reason"
"q104";"Kiedy podatnik rozpoczynający w ciągu roku podatkowego działalność gospodarczą musi zarejestrować się do VAT?";"QC_TEMP:MOM";"description"
"278";"Od kiedy można śpiewać kolędy?";"QC_TEMP:MOM";"date"
"wyszuk83";"Jakiego zapachu nie lubią koty?";"QC_DIRECT";"substance"
"232";"Jak sprawdzić, z kim się chodzi do szkoły?";"QC_PROCEDURE";"manner"
"hipi229";"Kto jest prezydentem USA?";"QC_PER:IDENT";"individual"
"hipi334";"Co to jest wikipedia?";"QC_DEF:BE";"definition"
"wyszuk471";"Jaki jest prawidłowy puls?";"QC_STATE:GEN";"numeric-other"
"wyszuk550";"Kogo zabił Makbet?";"QC_PER:ARG";"individual"
"319";"Któremu z ludów starożytnego Bliskiego Wschodu zawdzięczamy alfabet?";"QC_DIRECT";"group"
"hipi542";"Jak połączyć wi-fi?";"QC_PROCEDURE";"manner"
"hipi299";"Co to jest geometria?";"QC_DEF:BE";"definition"
"212";"Przez co rozmnaża się morszczyn?";"QC_NONPER";"description"
"wyszuk595";"Za ile Judasz sprzedał Jezusa?";"QC_QUANTITY:PRICE";"money"
"hipi296";"Co to jest felga?";"QC_DEF:BE";"definition"
"hipi391";"Czy Adam Małysz ma żonę?";"QC_DECISION";"yes-no"
"hipi274";"Co robi Kluzik?";"QC_NONPER";"description"
"wyszuk478";"Jaka jest liczba mieszkańców Szwecji?";"QC_STATE:GEN";"count"
"wyszuk590";"Skąd u noworodka czkawka?";"QC_CAUSE";"reason"
"wyszuk602";"Po ile stoi funt?";"QC_QUANTITY:PRICE";"money"
"hipi384";"Czy Wawel leży w Krakowie?";"QC_DECISION";"yes-no"
"227";"Jakie kina są w Jeleniej Górze?";"QC_DIRECT";"entity-other"
"280";"Od kiedy są ferie zimowe?";"QC_TEMP:MOM";"date"
"138";"Dlaczego paliwo drożeje?";"QC_CAUSE";"reason"
"wyszuk408";"Do czego może prowadzić nieprzestrzeganie prawa?";"QC_NONPER";"description"
"196";"Skąd się bierze kurz?";"QC_CAUSE";"reason"
"wyszuk284";"Czemu Hitler przegrał wojnę?";"QC_CAUSE";"reason"
"hipi476";"Gdzie leży Ostrołęka?";"QC_LOC:PLACE";"location-other"
"hipi224";"Kim jest hipis?";"QC_DEF:PER";"definition"
"hipi318";"Co to jest narkotyk?";"QC_DEF:BE";"definition"
"210";"Jak porządnie czyścić stały aparat?";"QC_PROCEDURE";"manner"
"hipi277";"Co to  Austriacka Szkoła Ekonomii?";"QC_DEF:BE";"definition"
"30";"Co to jest celandine?";"QC_DEF:BE";"definition"
"hipi310";"Co to jest kondom?";"QC_DEF:BE";"definition"
"hipi714";"Czy w Polsce aborcja jest legalna?";"QC_DECISION";"yes-no"
"q227";"Czy umowa pożyczki kwoty 100.000 zł udzielona przez ojca synowi objęta jest zwolnieniem od podatku od czynności od cywilnoprawnych?";"QC_DECISION";"yes-no"
"wyszuk546";"Kogo nazywamy patriotą?";"QC_PER:ARG";"individual"
"hipi55";"Czy Krzywa Wieża jest w Pizie?";"QC_DECISION";"yes-no"
"wyszuk425";"Do czego roślinom potrzebny jest tlen?";"QC_NONPER";"description"
"45";"Czym zajmuje się spedytor?";"QC_NONPER";"description"
"wyszuk339";"Z czego najlepiej zrobić łuk?";"QC_NONPER";"substance"
"wyszuk62";"Czemu niebo jest niebieskie?";"QC_CAUSE";"reason"
"wyszuk202";"Skąd przylatuje czeczotka?";"QC_LOC:ORIG";"location-other"
"wyszuk55";"Na czym polega łączenie emerytur Polska – USA?";"QC_NONPER";"description"
"wyszuk168";"W jakiej temperaturze piec sernik?";"QC_DIRECT";"temp"
"241";"Jak przerobić foto?";"QC_PROCEDURE";"manner"
"hipi93";"Czy poznańska katedra jest we Francji?";"QC_DECISION";"yes-no"
"hipi631";"Gdzie wykryto w Polsce wirusa grypy?";"QC_LOC:PLACE";"location-other"
"hipi696";"UAM jest w Poznaniu?";"QC_DECISION";"yes-no"
"wyszuk148";"Dlaczego dziecko późno zaczyna chodzić?";"QC_CAUSE";"reason"
"hipi316";"Co to jest matematyka?";"QC_DEF:BE";"definition"
"hipi346";"Co to satelita?";"QC_DEF:BE";"definition"
"wyszuk561";"Jak długo ważna jest recepta?";"QC_TEMP:PER";"period"
"q7";"Jak rozliczyć ulgę na dziecko w przypadku urodzenia dziecka w trakcie roku podatkowego ?";"QC_PROCEDURE";"manner"
"q14";"Czy fakturę za Internet za grudzień 2011 r. należy uwzględnić w zeznaniu podatkowym za 2011 r., jeżeli termin płatności przypadał w styczniu 2012 r.?";"QC_DECISION";"yes-no"
"219";""Czym oswoić zwierzęta w ""Minecraft 1.4.5""?"";"QC_NONPER";"entity-other"
"wyszuk267";"Jak robić pompki?";"QC_PROCEDURE";"manner"
"90";"Skąd tyle kurzu w łazience?";"QC_CAUSE";"reason"
"hipi81";"Czy Wieża Eiffla jest w Paryżu?";"QC_DECISION";"yes-no"
"hipi530";"Jak ma na imię Michael Jackson?";"QC_STATE:NAME";"individual"
"hipi483";"Gdzie mieszka Kulczyk?";"QC_LOC:PLACE";"location-other"
"hipi702";"Co to jest takipi?";"QC_DEF:BE";"definition"
"207";""Gdzie mogę obejrzeć ""Bejbi Blues""?"";"QC_LOC:PLACE";"location-other"
"hipi558";"Jakich zespołów słuchali hipisi?";"QC_DIRECT";"band"
"wyszuk270";"Jak powiększyć oczy?";"QC_PROCEDURE";"manner"
"hipi314";"Co to jest LOL?";"QC_DEF:BE";"definition"
"wyszuk124";"Dlaczego zginął John Kennedy?";"QC_CAUSE";"reason"
"wyszuk420";"Do czego ludzie potrzebują socjologii?";"QC_NONPER";"description"
"hipi596";"Kto to był Adolf Hitler?";"QC_DEF:PER";"description"
"wyszuk390";"Przy czym spala się najwięcej kalorii?";"QC_NONPER";"action"
"hipi353";"Co wiesz o Kulczyku?";"QC_DEF:PER";"description"
"wyszuk588";"Skąd autor zaczerpnął pomysł na tytuł powieści "Quo vadis"?";"QC_LOC:ORIG";"description"
"hipi57";"Czy Mickiewicz urodził się w Polsce?";"QC_DECISION";"yes-no"
"29";"Kiedy RMF będzie rozdawał choineczki?";"QC_TEMP:MOM";"date"
"hipi649";"Czy Justin Bieber to gej?";"QC_DECISION";"yes-no"
"hipi313";"Co to jest kupa?";"QC_DEF:BE";"definition"
"hipi69";"Czy Statua Wolności jest w  Los Angeles?";"QC_DECISION";"yes-no"
"pytki217";"W jaki sposób Adam Mickiewicz ukazał przyszłość w "Panu Tadeuszu"?";"QC_PROCEDURE";"manner"
"hipi250";"Od kiedy matematyka będzie obowiązkowa na maturze?";"QC_TEMP:MOM";"date"
"36";"Co to jest PEFRON?";"QC_DEF:BE";"definition"
"56";"Ilu nas jest obecnie na świecie?";"QC_QUANTITY:GEN";"count"
"89";"Kiedy przesadza się kwiaty?";"QC_TEMP:MOM";"date"
"wyszuk43";"Z czym podać pulpety?";"QC_NONPER";"food"
"wyszuk583";"Skąd Edyp znał rozwiązanie zagadki Sfinksa?";"QC_CAUSE";"reason"
"wyszuk249";"Przez ile państw przepływa Dunaj?";"QC_QUANTITY:GEN";"count"
"107";"W którym tygodniu ciąży można sprawdzić płeć dziecka?";"QC_TEMP:MOM";"date"
"q97";"Jakie warunki musi spełnić podatnik, aby ponownie skorzystać ze zwolnienia podmiotowego z podatku od towarów i usług?";"QC_DIRECT";"description"
"pytki215";"Na jakiej stronie da się obejrzeć 4-ty sezon "Pamiętnika Wampirów"?";"QC_LOC:PLACE";"web-page"
"hipi361";"Czy Drawa przepływa przez Polskę?";"QC_DECISION";"yes-no"
"hipi607";"Kto to jest Michael Jackson?";"QC_DEF:PER";"description"
"wyszuk121";"Dlaczego zdradzamy?";"QC_CAUSE";"reason"
"hipi547";"Jak się przebrać za hipiskę?";"QC_PROCEDURE";"manner"
"q83";"Jakie są podstawowe obowiązki podatnika prowadzącego ewidencję obrotu i kwot podatku należnego przy zastosowaniu kas rejestrujących?";"QC_STATE:GEN";"description"
"wyszuk77";"Jakiemu procesowi poddaje się węgiel kamienny?";"QC_DIRECT";"description"
"hipi603";"Kto to jest hipiska?";"QC_DEF:PER";"definition"
"wyszuk164";"W jakiej temperaturze piec pierniczki?";"QC_DIRECT";"temp"
"224";"Jeśli zablokują konto na naszej-klasie, to po jakim czasie je odblokowują?";"QC_TEMP:PER";"period"
"hipi464";"Gdzie jest Kępa Oborska?";"QC_LOC:PLACE";"location-other"
"wyszuk486";"Jakie są dodatki do The Sims 3?";"QC_STATE:GEN";"title"
"wyszuk337";"Z czego finansowany jest "Przystanek Woodstock"?";"QC_NONPER";"organization-other"
"wyszuk272";"Jak powinien wyglądać referat?";"QC_PROCEDURE";"manner"
"q212";"Czy otrzymane przez podatnika odszkodowanie z polisy sprawcy wypadku, na pokrycie poniesionych kosztów remontu powypadkowego samochodu, nie objętego ubezpieczeniem dobrowolnym AC, należy zaliczyć do przychodów podatkowych?";"QC_DECISION";"yes-no"
"wyszuk113";"Jak zrobić twaróg?";"QC_PROCEDURE";"manner"
"wyszuk323";"Z którym filozofem kojarzone jest pojęcie złotego środka?";"QC_DIRECT";"individual"
"hipi122";"Gdzie jest lotnisko Ławica?";"QC_LOC:PLACE";"location-other"
"wyszuk307";"Które związki są produktami oddychania beztlenowego?";"QC_DIRECT";"substance"
"84";"Jakie są nowe zasady egzaminów na prawo jazdy?";"QC_STATE:GEN";"description"
"hipi201";"Kiedy będzie koniec remontu Kaponiery w Poznaniu?";"QC_TEMP:MOM";"date"
"q106";"Czy mogę ubiegać się o zwrot części VAT od wydatków budowlanych, które poniosłem przed uzyskaniem pozwolenia na budowę?";"QC_DECISION";"yes-no"
"wyszuk79";"Którego są Andrzejki?";"QC_TEMP:MOM";"date"
"hipi135";"Gdzie mieszka ksiądz Natanek?";"QC_LOC:PLACE";"location-other"
"wyszuk310";"Ile kosztuje znaczek na list?";"QC_QUANTITY:PRICE";"money"
"7";"Czym czyścić srebro?";"QC_NONPER";"substance"
"hipi423";"Czy Praga jest w Polsce?";"QC_DECISION";"yes-no"
"hipi128";"Gdzie leży Poznań?";"QC_LOC:PLACE";"location-other"
"wyszuk211";"Przez co odmienia się przymiotnik?";"QC_NONPER";"language"
"78";"Z czym zrobić jajecznicę?";"QC_NONPER";"food"
"190";"Jak pozbyć się łupieżu?";"QC_PROCEDURE";"manner"
"hipi114";"Gdzie jest Kościół pw św";"QC_LOC:PLACE";"location-other"
"wyszuk334";"Z czego produkuje się bawełnę?";"QC_NONPER";"substance"
"hipi657";"Jaka jest dobra marka samochodu?";"QC_STATE:GEN";"vehicle"
"81";"Gdzie kupić tani duży karton ozdobny?";"QC_LOC:PLACE";"location-other"
"wyszuk262";"Jak odmawiać różaniec?";"QC_PROCEDURE";"manner"
"hipi710";"Czy uniwersytet jest w Polsce?";"QC_DECISION";"yes-no"
"wyszuk594";"Za ile punktów zabierają prawo jazdy?";"QC_QUANTITY:GEN";"count"
"218";"Kiedy mówi się piasek, a kiedy piach?";"QC_TEMP:MOM";"description"
"wyszuk166";"W jakiej temperaturze piec schab?";"QC_DIRECT";"temp"
"wyszuk59";"O czym świadczy kolor nasienia?";"QC_NONPER";"description"
"wyszuk98";"Który bank w Polsce współpracuje z Lloyd?";"QC_DIRECT";"company"
"hipi466";"Gdzie jest Milanówek?";"QC_LOC:PLACE";"location-other"
"93";"Czym usunąć kamień z toalety?";"QC_NONPER";"substance"
"wyszuk140";"Dlaczego robią się siniaki?";"QC_CAUSE";"reason"
"wyszuk9";"Czym się odżywia jemiołuszka?";"QC_NONPER";"food"
"188";"Jak pielęgnować kaktusy?";"QC_PROCEDURE";"manner"
"236";""Jak nazywa się piosenka, którą zaczynają się ""Pamiętniki z wakacji""?"";"QC_STATE:NAME";"title"
"103";"Co zrobić, aby pozbyć się kreta z ogródka?";"QC_NONPER";"description"
"wyszuk566";"Z kogo składa się senat?";"QC_PER:ARG";"individual"
"308";"Które zwierzęta zapadają w sen zimowy?";"QC_DIRECT";"animal"
"140";"Kiedy jest owulacja?";"QC_TEMP:MOM";"description"
"hipi270";"Co je tygrys?";"QC_DIRECT";"food"
"wyszuk592";"Dlaczego parafina nie tonie w wodzie?";"QC_CAUSE";"reason"
"hipi312";"Co to jest krzesło?";"QC_DEF:BE";"definition"
"62";"Z kim graniczy Polska?";"QC_PER:ARG";"country"
"wyszuk144";"Dlaczego Adolf Hitler tak nienawidził Żydów?";"QC_CAUSE";"reason"
"wyszuk145";"Dlaczego sernik opada po wyrośnięciu?";"QC_CAUSE";"reason"
"wyszuk415";"Do czego człowiek wykorzystuje wodę?";"QC_NONPER";"description"
"hipi208";"Kiedy urodził się Mikołaj Kopernik?";"QC_TEMP:MOM";"date"
"hipi22";"Co to jest mózg?";"QC_DEF:PER";"definition"
"453";"Czym usunąć silikon?";"QC_NONPER";"substance"
"wyszuk405";"Do czego służy procesor?";"QC_NONPER";"description"
"wyszuk313";"Co ile karmić noworodka?";"QC_TEMP:QUANT";"period"
"wyszuk299";"Jak po japońsku jest "przepraszam"?";"QC_STATE:GEN";"expression"
"wyszuk142";"Dlaczego tracę głos?";"QC_CAUSE";"reason"
"hipi338";"Co to Kaszub?";"QC_DEF:BE";"definition"
"273";"Jak liczyć procenty?";"QC_PROCEDURE";"manner"
"hipi722";"Gdzie jest Tusk?";"QC_LOC:PLACE";"location-other"
"hipi155";"Ile lat ma Tusk?";"QC_QUANTITY:GEN";"count"
"wyszuk101";"Które ćwiczenia spalają najwięcej kalorii?";"QC_DIRECT";"description"
"wyszuk279";"Od kiedy można składać PIT?";"QC_TEMP:MOM";"date"
"wyszuk394";"Nad czym sprawowała opiekę rzymska bogini Westa?";"QC_NONPER";"entity-other"
"wyszuk213";"Przez co odmienia się czasownik?";"QC_NONPER";"language"
"167";"Jakie owoce są najzdrowsze?";"QC_DIRECT";"food"
"hipi636";"Jak nauczyć się stania na rękach?";"QC_PROCEDURE";"manner"
"hipi630";"Gdzie jest Ambasada Japonii?";"QC_LOC:PLACE";"location-other"
"hipi567";"Kiedy Tusk wygłosił expose?";"QC_TEMP:MOM";"date"
"79";"Jak zrobić stojak na biżuterię?";"QC_PROCEDURE";"manner"
"wyszuk506";"Jakie jest przeznaczenie dysku twardego?";"QC_STATE:GEN";"description"
"533";"Po co yorkowi papiloty?";"QC_CAUSE";"reason"
"hipi741";"Jakie komórki widać gołym okiem?";"QC_DIRECT";"dis-med"
"435";"Pod czym najlepiej spać?";"QC_NONPER";"artifact"
"hipi734";"Jak stłuczony palec u nogi uratować?";"QC_PROCEDURE";"manner"
"wyszuk194";"Z jakimi krajami walczył Napoleon Bonaparte?";"QC_DIRECT";"country"
"wyszuk44";"Z czym najlepiej pic wódkę?";"QC_NONPER";"food"
"wyszuk228";"Dlaczego samolot lata?";"QC_CAUSE";"reason"
"wyszuk251";"Przez jakie miasta przepływa Wisła?";"QC_DIRECT";"city"
"hipi189";"Jaka jest stolica Burkina Faso?";"QC_STATE:GEN";"city"
"hipi527";"Jak jest po angielsku 5?";"QC_STATE:GEN";"expression"
"wyszuk258";"Jak efektywnie się uczyć?";"QC_PROCEDURE";"manner"
"wyszuk50";"Na czym polega intercyza?";"QC_NONPER";"description"
"wyszuk391";"Przy czym można się podniecić?";"QC_NONPER";"entity-other"
"230";"Co zrobić, kiedy koledzy namawiaja mnie do palenia papierosów?";"QC_NONPER";"description"
"hipi548";"Jak walczyć z owsikami?";"QC_PROCEDURE";"manner"
"hipi594";"Kto odkrył Amerykę?";"QC_PER:ARG";"individual"
"wyszuk370";"Gdzie powstały Legiony Polskie?";"QC_LOC:PLACE";"location-other"
"hipi191";"Jaki jest wzrost Dody?";"QC_QUANTITY:GEN";"size"
"wyszuk263";"Jak obliczyć BMI?";"QC_PROCEDURE";"manner"
"48";"Jak zdobyć aktualne testy na prawo jazdy kat. B?";"QC_PROCEDURE";"manner"
"13";"Co kupić chłopakowi na 18-stkę?";"QC_NONPER";"entity-other"
"hipi108";"Czym jest Słowosieć?";"QC_DEF:BE";"definition"
"hipi176";"Jak ma na imię premier Tusk?";"QC_STATE:NAME";"individual"
"wyszuk133";"Dlaczego puchną nogi?";"QC_CAUSE";"reason"
"159";"Dlaczego niebo jest niebieskie?";"QC_CAUSE";"reason"
"189";"Jakie jest najdłuższe polskie słowo?";"QC_STATE:GEN";"expression"
"pytki220";"Jak ożywić ducha w "The Sims 3"?";"QC_PROCEDURE";"manner"
"hipi289";"Co to jest bot?";"QC_DEF:BE";"definition"
"wyszuk342";"Z czym rozrobić spirytus?";"QC_NONPER";"food"
"hipi348";"Co to sznaps?";"QC_DEF:BE";"definition"
"hipi373";"Czy Shakira przyjechała do Polski?";"QC_DECISION";"yes-no"
"hipi647";"Co leci na tvp2?";"QC_NONPER";"title"
"wyszuk524";"Po co hoduje się kury?";"QC_CAUSE";"reason"
"hipi676";"Gdzie jest Fort VII?";"QC_LOC:PLACE";"location-other"
"74";"Jessie J - jak się tak umalować?";"QC_PROCEDURE";"manner"
"wyszuk466";"Jaki ustrój panuje w Polsce?";"QC_DIRECT";"description"
"hipi282";"Co to jest Myślibórz?";"QC_DEF:BE";"definition"
"hipi341";"Co to majonez?";"QC_DEF:BE";"definition"
"wyszuk442";"Czym wybielić zęby?";"QC_NONPER";"substance"
"hipi181";"Jak się ubiera hipiska?";"QC_PROCEDURE";"manner"
"wyszuk305";"Której partycji system Windows przypisuje literę "c"?";"QC_DIRECT";"entity-other"
"hipi291";"Co to jest chleb?";"QC_DEF:BE";"definition"
"wyszuk147";"Dlaczego samoloty latają tak wysoko?";"QC_CAUSE";"reason"
"wyszuk401";"Nad czym zastanawia się biblijny Kohelet?";"QC_NONPER";"description"
"wyszuk523";"Po co dzielić dysk na partycje?";"QC_CAUSE";"reason"
"341";"Z czego budowano piramidy?";"QC_NONPER";"substance"
"wyszuk554";"Jak długo trwa grypa?";"QC_TEMP:PER";"period"
"hipi339";"Co to krowa?";"QC_DEF:BE";"definition"
"wyszuk473";"Jaki jest wzór na pole trapezu?";"QC_STATE:GEN";"numeric-other"
"hipi651";"Czy Korwin-Mikke startuje w wyborach?";"QC_DECISION";"yes-no"
"wyszuk340";"Z czego był wykonany Dyskobol?";"QC_NONPER";"substance"
"hipi119";"Gdzie jest UAM?";"QC_LOC:PLACE";"location-other"
"hipi186";"Jak wygląda Madonna?";"QC_STATE:GEN";"description"
"hipi40";""Czy ""Dlaczego ja?"" jest na żywo?"";"QC_DECISION";"yes-no"
"hipi7";"Co robi Doda?";"QC_NONPER";"description"
"wyszuk163";"W jaki sposób badamy inne planety?";"QC_PROCEDURE";"manner"
"hipi303";"Co to jest godło?";"QC_DEF:BE";"definition"
"wyszuk52";"Na czym polegają dializy u dzieci?";"QC_NONPER";"description"
"wyszuk247";"Jak długo piec kurczaka?";"QC_TEMP:PER";"period"
"hipi32";"Co to szkoła?";"QC_DEF:BE";"definition"
"wyszuk25";"Kto to nimfomanka?";"QC_DEF:PER";"definition"
"wyszuk178";"Po co nam sen?";"QC_CAUSE";"reason"
"hipi705";"Czy Justin Bieber uprawiał seks z Seleną Gomez?";"QC_DECISION";"yes-no"
"187";"Co się stało z Frugo?";"QC_NONPER";"description"
"hipi489";"Gdzie umarł Rysiek?";"QC_LOC:PLACE";"location-other"
"wyszuk503";"Jakie firmy mogą zawiesić działalność gospodarczą?";"QC_DIRECT";"company"
"hipi679";"Gdzie jest Piekło?";"QC_LOC:PLACE";"location-other"
"q186";"Co to jest pomoc publiczna?";"QC_DEF:BE";"definition"
"hipi324";"Co to jest orgazm?";"QC_DEF:BE";"definition"
"hipi474";"Gdzie leży UAM?";"QC_LOC:PLACE";"location-other"
"wyszuk363";"Gdzie urodził się Zbigniew Herbert?";"QC_LOC:PLACE";"location-other"
"582";"Skąd można pobierać filmy za darmo?";"QC_LOC:ORIG";"web-page"
"162";"Co zrobić, gdy zgubię dowód osobisty?";"QC_NONPER";"description"
"hipi744";"Kto jest winny katastrofy w Smoleńsku?";"QC_PER:ARG";"human-other"
"hipi634";"Jak działa "hipisek"?";"QC_PROCEDURE";"manner"
"hipi653";"Ile schudł Ibisz?";"QC_QUANTITY:GEN";"weight"
"42";"Co zrobić, gdy kręci się w głowie?";"QC_NONPER";"description"
"wyszuk469";"Jaki fundusz emerytalny wybrać?";"QC_DIRECT";"company"
"hipi519";"Ile wynosi PKB w Polsce?";"QC_QUANTITY:GEN";"money"
"wyszuk472";"Jaki jest cel oddychania?";"QC_STATE:GEN";"description"
"hipi408";"Czy królik uprawia seks?";"QC_DECISION";"yes-no"
"wyszuk479";"Jaka rzeka przepływa przez Londyn?";"QC_DIRECT";"river"
"wyszuk318";"Na ile starcza e-papieros?";"QC_QUANTITY:GEN";"count"
"18";"Jak sprytnie, szybko i bez kosztów mogę coś sprzedać?";"QC_PROCEDURE";"manner"
"hipi708";"Czy Tusk kłamie?";"QC_DECISION";"yes-no"
"hipi641";"Kto wygrał mecz Śląsk Wrocław - Wisła Kraków?";"QC_PER:ARG";"band"
"wyszuk331";"Z czego słynie Polska?";"QC_NONPER";"description"
"wyszuk290";"Jak po angielsku nazywa się "rower"?";"QC_STATE:GEN";"expression"
"hipi418";"Czy Pałac Kultury jest w Rzymie?";"QC_DECISION";"yes-no"
"59";"Jakie spółki należą do WIG20?";"QC_DIRECT";"company"
"wyszuk438";"Czym mierzymy ciśnienie?";"QC_NONPER";"artifact"
"hipi235";"Kto to jest Breivik?";"QC_DEF:PER";"description"
"wyszuk282";"Od kiedy Warszawa jest stolicą?";"QC_TEMP:MOM";"date"
"64";"Jak postępować w przypadku oparzenia?";"QC_PROCEDURE";"manner"
"40";"Jak założyć fanpage na Facebooku?";"QC_PROCEDURE";"manner"
"wyszuk553";"Kogo atakował leśmianowski Dusiołek?";"QC_PER:ARG";"individual"
"hipi345";"Co to podłoga?";"QC_DEF:BE";"definition"
"61";"Jaka gleba jest najbardziej żyzna?";"QC_DIRECT";"entity-other"
"hipi536";"Jak miał na imię Czarniecki?";"QC_STATE:NAME";"individual"
"hipi253";"Skąd się biorą dzieci?";"QC_CAUSE";"reason"
"wyszuk439";"Czym kusza różni się od łuku?";"QC_NONPER";"description"
"wyszuk255";"W jakim celu ludzie chodzą do teatru?";"QC_DIRECT";"reason"
"hipi499";"Ile Doda ma lat?";"QC_QUANTITY:GEN";"count"
"hipi61";"Czy Paryż leży we Francji?";"QC_DECISION";"yes-no"
"185";"Po co słoniom takie wielkie uszy?";"QC_CAUSE";"reason"
"hipi604";"Kto to jest Hitler?";"QC_DEF:PER";"description"
"222";""Dlaczego nie ma serialu ""Przepis na życie""?"";"QC_CAUSE";"reason"
"114";"W jaki sposób mogę wydać swoje opowiadania?";"QC_PROCEDURE";"manner"
"wyszuk330";"Z czego produkowana jest benzyna?";"QC_NONPER";"substance"
"55";"Kiedy zaczną rozdawać Qpony w Poznaniu?";"QC_TEMP:MOM";"date"
"wyszuk141";"Dlaczego robią się zajady?";"QC_CAUSE";"reason"
"hipi448";"Czym jest woda?";"QC_DEF:BE";"definition"
"wyszuk474";"Jaki jest najnowszy Android?";"QC_STATE:GEN";"artifact"
"wyszuk47";"Z czym pić absynt?";"QC_NONPER";"food"
"hipi602";"Kto to jest hipis?";"QC_DEF:PER";"definition"
"243";"Co zrobić żeby przestać wierzyć w duchy?";"QC_NONPER";"description"
"hipi301";"Co to jest gg?";"QC_DEF:BE";"definition"
"hipi591";"Kto jest obecnie papieżem?";"QC_PER:IDENT";"individual"
"wyszuk64";"Dlaczego "Chłopi" to epopeja chłopska?";"QC_CAUSE";"reason"
"99";"Jak zrobić frappe?";"QC_PROCEDURE";"manner"
"203";"Co zrobić by moi rodzice zaczęli zwracać na mnie uwagę?";"QC_NONPER";"description"
"wyszuk434";"Pod czym można zobaczyć atom?";"QC_NONPER";"artifact"
"4";"Jak można zrobić screenshota pulpitu?";"QC_PROCEDURE";"manner"
"hipi637";"Jaki film dostał wygrał Złoty Glob?";"QC_DIRECT";"title"
"86";"W którym filmie J.Lo. gra u boku Afflecka?";"QC_DIRECT";"title"
"wyszuk603";"Po ile stoi dolar?";"QC_QUANTITY:PRICE";"money"
"hipi538";"Jak nazywa sie stolica Norwegii?";"QC_STATE:NAME";"city"
"wyszuk513";"O jakiej porze dnia najlepiej ćwiczyć?";"QC_DIRECT";"date"
"hipi699";"Co słychać u Kubicy?";"QC_NONPER";"description"
"wyszuk128";"Dlaczego łzawi mi oko?";"QC_CAUSE";"reason"
"wyszuk324";"Z którymi grzybami trującymi lub niejadalnymi można pomylić borowika szlachetnego?";"QC_DIRECT";"plant"
"hipi496";"Gdzie znajduje się najszybszy komputer?";"QC_LOC:PLACE";"location-other"
"hipi658";"Na co poluje wilk?";"QC_NONPER";"animal"
"wyszuk538";"Po co psu ogon?";"QC_CAUSE";"reason"
"60";"Jak powinniśmy czytać Biblię?";"QC_PROCEDURE";"manner"
"hipi54";"Czy Kraków leży w Polsce?";"QC_DECISION";"yes-no"
"wyszuk65";"Dlaczego mam zimny nos?";"QC_CAUSE";"reason"
"hipi194";"Kiedy umrze Rysiek z "Klanu"?";"QC_TEMP:MOM";"date"
"265";"Jak wiązać krawat?";"QC_PROCEDURE";"manner"
"wyszuk311";"Ile kosztuje rozwód?";"QC_QUANTITY:PRICE";"money"
"wyszuk109";"Jak zbić wysokie ciśnienie krwi?";"QC_PROCEDURE";"manner"
"301";"Jak po liceum dostanę się do policji?";"QC_PROCEDURE";"manner"
"160";"Skąd się bierze katar?";"QC_CAUSE";"reason"
"hipi323";"Co to orgazm?";"QC_DEF:BE";"definition"
"wyszuk287";"Czemu robi się zakalec?";"QC_CAUSE";"reason"
"hipi663";"Czy Nergal kocha Dodę?";"QC_DECISION";"yes-no"
"wyszuk589";"Skąd Unia bierze pieniądze?";"QC_LOC:ORIG";"description"
"168";"Dlaczego kobiety żyją dłużej?";"QC_CAUSE";"reason"
"wyszuk81";"Którą stroną włożyć kartę do bankomatu?";"QC_DIRECT";"description"
"35";"Ile wynosi nowe minimalne wynagrodzenie?";"QC_QUANTITY:GEN";"money"
"229";"Jak się ubrać na w-f?";"QC_PROCEDURE";"manner"
"161";"Co zrobić, żeby mieć białe zęby?";"QC_NONPER";"description"
"wyszuk217";"Jakiego koloru jest upierzenie zimorodka?";"QC_DIRECT";"color"
"hipi249";"Od kiedy mamy kryzys finansowy?";"QC_TEMP:MOM";"date"
"wyszuk304";"Którego są Walentynki?";"QC_TEMP:MOM";"date"
"wyszuk451";"Czym usunąć rdzę?";"QC_NONPER";"substance"
"wyszuk358";"Gdzie mieszka Święty Mikołaj?";"QC_LOC:PLACE";"location-other"
"wyszuk568";"Jak wywołać okres?";"QC_PROCEDURE";"manner"
"wyszuk402";"Nad czym pracuje Apple?";"QC_NONPER";"description"
"hipi534";"jak ma na imię Kaczyński?";"QC_STATE:NAME";"individual"
"hipi62";"Czy Polska leży na Ziemi?";"QC_DECISION";"yes-no"
"hipi379";"Czy Toronto jest w USA?";"QC_DECISION";"yes-no"
"wyszuk39";"Z kim spotyka się Mateusz Damięcki?";"QC_PER:ARG";"individual"
"hipi118";"Gdzie jest Rondo Kaponiera?";"QC_LOC:PLACE";"location-other"
"hipi34";"Co z zakończeniem Mass Effect 3";"QC_NONPER";"description"
"hipi725";"Gdzie zderzyły się pociągi?";"QC_LOC:PLACE";"location-other"
"hipi196";"Kiedy zginie Rysiek z "Klanu"?";"QC_TEMP:MOM";"date"
"hipi169";"Ile trwa okres kobiety?";"QC_TEMP:PER";"period"
"124";"Gdzie najłatwiej o pracę?";"QC_LOC:PLACE";"location-other"
"hipi662";"Czy istnieje przyjaźń damsko-męska?";"QC_DECISION";"yes-no"
"120";"Jak złożyć wypowiedzenie?";"QC_PROCEDURE";"manner"
"q190";"Czy wcześniejsze rozwiązanie umowy leasingu operacyjnego - która w dacie zawarcia spełniała kryteria określone w art. 23b ust. 1 updof - skutkuje koniecznością korekty kosztów uzyskania przychodów?";"QC_DECISION";"yes-no"
"155";"Jak się najlepiej opalić?";"QC_PROCEDURE";"manner"
"hipi295";"Co to jest eutrofizacja?";"QC_DEF:BE";"definition"
"wyszuk277";"Od kiedy przybywa dnia?";"QC_TEMP:MOM";"date"
"134";"Do kiedy można było rozliczać PIT?";"QC_TEMP:MOM";"date"
"q195";"Czy dochody małżonków uzyskiwane z wynajmu nieruchomości będącej ich wspólną własnością mogą być deklarowane do opodatkowania tylko przez jednego z nich?";"QC_DECISION";"yes-no"
"15";"Z jakimi objawami wiąże się nadczynność tarczycy?";"QC_DIRECT";"dis-med"
"wyszuk203";"Na co pomaga picie piwa?";"QC_NONPER";"dis-med"
"wyszuk153";"Dlaczego boli biodro?";"QC_CAUSE";"reason"
"wyszuk245";"Ilu Polaków dostało Nagrodę Nobla?";"QC_QUANTITY:GEN";"count"
"wyszuk540";"Kogo można zgłosić do ubezpieczenia jako członka rodziny?";"QC_PER:ARG";"individual"
"hipi522";"Ilu żołnierzy zginęło w Afganistanie?";"QC_QUANTITY:GEN";"count"
"wyszuk94";"Z jakiego rejonu pochodzi pomidor?";"QC_LOC:ORIG";"region"
"wyszuk452";"Czym dekorować pierniczki?";"QC_NONPER";"food"
"hipi327";"Co to jest plotkara?";"QC_DEF:BE";"definition"
"wyszuk423";"Do czego dążył ruch egzekucyjny?";"QC_NONPER";"description"
"wyszuk344";"Z czym podawać quiche?";"QC_NONPER";"food"
"hipi307";"Co to jest jednorożec?";"QC_DEF:BE";"definition"
"wyszuk167";"W jakiej temperaturze piec biszkopt?";"QC_DIRECT";"temp"
"wyszuk170";"W jakie akcje inwestować?";"QC_DIRECT";"description"
"238";"Ilu członków ma UE?";"QC_QUANTITY:GEN";"count"
"hipi579";"Kim jest Jarosław Kaczyński?";"QC_DEF:PER";"description"
"hipi493";"Gdzie walczył Adamek?";"QC_LOC:PLACE";"location-other"
"wyszuk416";"Do czego zobowiązana jest cała wspólnota wierzących w Jezusa Chrystusa?";"QC_NONPER";"description"
"wyszuk422";"Do czego dodajemy rozmaryn?";"QC_NONPER";"food"
"92";"Jak obrać pomidorka ze skórki?";"QC_PROCEDURE";"manner"
"hipi17";"Co to jest jabłko?";"QC_DEF:BE";"definition"
"hipi180";"Jak mieć dzieci?";"QC_PROCEDURE";"manner"
"202";"Co zrobić, żeby głowa nie bolała ?";"QC_NONPER";"description"
"119";"Kto wymyślił pokemony?";"QC_PER:ARG";"individual"
"q209";"Czy może stanowić koszt uzyskania przychodu naliczony podatek VAT związany z wydatkami na reprezentację, które stosownie do art. 16 ust. 1 pkt 28 ustawy o podatku dochodowym od osób prawnych nie stanowią kosztu uzyskania przychodu?";"QC_DECISION";"yes-no"
"hipi733";"Jak smakuje kawa?";"QC_STATE:INTENS";"description"
"hipi337";"Co to jest światłowód?";"QC_DEF:BE";"definition"
"hipi620";"Skąd sie biorą dzieci?";"QC_CAUSE";"reason"
"hipi3";"Co będzie kluczem do zwycięstwa?";"QC_NONPER";"description"
"141";"Kiedy będą wyniki matur?";"QC_TEMP:MOM";"date"
"wyszuk488";"Jakie elementy powinna zawierać rozprawka?";"QC_DIRECT";"description"
"66";"Jak zmienić język klawiatury?";"QC_PROCEDURE";"manner"
"wyszuk366";"Gdzie wyrobić paszport?";"QC_LOC:PLACE";"institution"
"q215";"Czy otrzymanie w 2009 r. darowizny w kwocie 20.000 zł od brata jest opodatkowane podatkiem od spadków i darowizn?";"QC_DECISION";"yes-no"
"173";"Po co facetom sutki?";"QC_CAUSE";"reason"
"hipi217";"Kim był Kurt Cobain?";"QC_DEF:PER";"description"
"wyszuk599";"Za ile kupię dobrego laptopa?";"QC_QUANTITY:PRICE";"money"
"wyszuk459";"Czym interesuje się młodzież?";"QC_NONPER";"description"
"wyszuk152";"Dlaczego bolą stawy?";"QC_CAUSE";"reason"
"wyszuk131";"Dlaczego psy liżą po twarzy?";"QC_CAUSE";"reason"
"360";"Gdzie mieszka Selena Gomez?";"QC_LOC:PLACE";"location-other"
"hipi276";"Co studiował Jarosław Kaczyński?";"QC_NONPER";"entity-other"
"wyszuk252";"Przez jakie miasta przepływa Sekwana?";"QC_DIRECT";"city"
"hipi9";"Co robi Tusk?";"QC_NONPER";"description"
"wyszuk492";"Jakie ryby morskie są dostępne w sprzedaży?";"QC_DIRECT";"animal"
"wyszuk158";"Dlaczego boli mnie kolano przy ćwiczeniach?";"QC_CAUSE";"reason"
"q94";"Kiedy powstaje obowiązek podatkowy z tytułu świadczenia usług budowlanych oraz budowlano-montażowych?";"QC_TEMP:MOM";"description"
"wyszuk351";"Z której strony jest wyrostek?";"QC_DIRECT";"description"
"220";""Jak ożywić ducha w ""The Sims 3""?"";"QC_PROCEDURE";"manner"
"hipi687";"Kiedy Depp się rozstał?";"QC_TEMP:MOM";"date"
"hipi199";"Kiedy Polska rozpoczęła prezydencję europejską?";"QC_TEMP:MOM";"date"
"hipi1";"Co to piwo?";"QC_DEF:BE";"definition"
"wyszuk49";"Na czym pisali Grecy?";"QC_NONPER";"entity-other"
"wyszuk208";"Na co jest dobry kelp?";"QC_NONPER";"dis-med"
"hipi685";"Gdzie wylądował samolot?";"QC_LOC:PLACE";"location-other"
"10";"Jak czyścić klawiaturę?";"QC_PROCEDURE";"manner"
"hipi6";"Co robi Beata Kozidrak?";"QC_NONPER";"description"
"wyszuk386";"Którędy będzie przebiegać obwodnica Lublina?";"QC_LOC:TRAJ";"location-other"
"wyszuk239";"Ilu członków liczy One Direction?";"QC_QUANTITY:GEN";"count"
"wyszuk125";"Dlaczego koty masują łapkami?";"QC_CAUSE";"reason"
"wyszuk256";"W jakim czasie i okolicznościach powstała Biblia?";"QC_DIRECT";"description"
"217";""W jaki sposób Adam Mickiewicz ukazał przyszłość w ""Panu Tadeuszu""?"";"QC_PROCEDURE";"manner"
"133";"Jakie są konsekwencje za nierozliczony PIT?";"QC_STATE:GEN";"description"
"wyszuk482";"Jaka usługa musi być uruchomiona na serwerze, aby stacja robocza pobierała automatycznie adres ip?";"QC_DIRECT";"software"
"wyszuk529";"Po co ksiądz chodzi po kolędzie?";"QC_CAUSE";"reason"
"q2";"Jak często należy dokonywać przeglądów okresowych kas?";"QC_TEMP:QUANT";"period"
"hipi152";"Ile lat ma Donald Tusk?";"QC_QUANTITY:GEN";"count"
"hipi368";"Czy Poznań leży w Wielkopolsce?";"QC_DECISION";"yes-no"
"hipi284";"Co to jest Polska?";"QC_DEF:BE";"definition"
"hipi99";"Czy w Niemczech jest euro?";"QC_DECISION";"yes-no"
"82";"Jak zrobić paprykę konserwową?";"QC_PROCEDURE";"manner"
"hipi125";"Gdzie jest Ławica?";"QC_LOC:PLACE";"location-other"
"hipi369";"Czy Praga jest w Czechach?";"QC_DECISION";"yes-no"
"hipi132";"Gdzie mieszka Johnny Depp?";"QC_LOC:PLACE";"location-other"
"hipi146";"Ile jest ludzi na świecie?";"QC_QUANTITY:GEN";"count"
"hipi383";"Czy Warszawa leży w Polsce?";"QC_DECISION";"yes-no"
"hipi98";"Czy studia są płatne?";"QC_DECISION";"yes-no"
"hipi221";"Kim jest Orwell?";"QC_DEF:PER";"description"
"wyszuk504";"Jakie jest najgłębsze jezioro w Polsce?";"QC_STATE:GEN";"lake"
"wyszuk96";"Z jakiego powodu krwawi z odbytu?";"QC_CAUSE";"reason"
"hipi460";"Gdzie jest Lizbona?";"QC_LOC:PLACE";"location-other"
"254";"W jakim mieście żyli klasycy literatury niemieckiej - Goethe i Schiller?";"QC_DIRECT";"city"
"hipi109";"Dlaczego młodzi ludzie umierają?";"QC_CAUSE";"reason"
"q1";"Przez jaki okres czasu należy przechowywać kopie paragonów?";"QC_TEMP:PER";"period"
"69";"Jak tanio i skutecznie powiększyć sobie biust? Nie chodzi mi o operacje plastyczne.";"QC_PROCEDURE";"manner"
"hipi425";"Czy Statua Wolności jest w USA?";"QC_DECISION";"yes-no"
"wyszuk286";"Czemu rosół jest mętny?";"QC_CAUSE";"reason"
"wyszuk570";"Jak odetkać ucho?";"QC_PROCEDURE";"manner"
"234";"Kto podkłada głos pod rozum w reklamie TPSA?";"QC_PER:ARG";"individual"
"hipi272";"Co jest dobre a ból zęba?";"QC_NONPER";"substance"
"wyszuk556";"Kogo wskrzesił Jezus?";"QC_PER:ARG";"individual"
"hipi459";"Gdzie jest Litwa?";"QC_LOC:PLACE";"location-other"
"hipi644";"Który kraj jest najbardziej katolicki na świecie?";"QC_DIRECT";"country"
"hipi129";"Gdzie leży Warszawa?";"QC_LOC:PLACE";"location-other"
"98";"Jak można wyleczyć nadżerkę?";"QC_PROCEDURE";"manner"
"hipi234";"Kto to hipis?";"QC_DEF:PER";"definition"
"hipi457";"Gdzie doda mieszka?";"QC_LOC:PLACE";"location-other"
"hipi514";"Ile Mel Gibson ma lat?";"QC_QUANTITY:GEN";"count"
"hipi606";"Kto to jest Justin Bieber?";"QC_DEF:PER";"description"
"hipi142";"Gdzie umarł Rysiek z "Klanu"?";"QC_LOC:PLACE";"location-other"
"wyszuk495";"Jakie udziały rynkowe posiada Philip Morris w Polsce?";"QC_DIRECT";"description"
"102";"Jak wyczyścić plamę z krwi?";"QC_PROCEDURE";"manner"
"hipi320";"Co to jest nos?";"QC_DEF:BE";"definition"
"wyszuk162";"W jaki sposób powstały Żuławy?";"QC_PROCEDURE";"manner"
"wyszuk369";"Gdzie pada śnieg?";"QC_LOC:PLACE";"location-other"
"hipi520";"Ile wzrostu ma Mezo?";"QC_QUANTITY:GEN";"size"
"hipi671";"Gdzie Kasia Tusk pozowała?";"QC_LOC:PLACE";"media"
"hipi45";"Czy Bydgoszcz leży nad Brdą?";"QC_DECISION";"yes-no"
"wyszuk156";"Dlaczego bolą mnie piersi?";"QC_CAUSE";"reason"
"wyszuk107";"Jak zażywać antybiotyk?";"QC_PROCEDURE";"manner"
"hipi317";"Co to jest minetka?";"QC_DEF:BE";"definition"
"hipi322";"Co to jest onomatopeja?";"QC_DEF:BE";"definition"
"hipi214";"Kiedy zaćmienie słońca?";"QC_TEMP:MOM";"date"
"hipi462";"Gdzie jest Biebrza?";"QC_LOC:PLACE";"location-other"
"hipi262";"W którym mieście jest UAM?";"QC_DIRECT";"city"
"hipi561";"Jakie miasta znajdują się w Polsce?";"QC_DIRECT";"city"
"wyszuk371";"Gdzie Autocad zapisuje kopie zapasowe?";"QC_LOC:PLACE";"location-other"
"231";"Na którym kanale będzie transmisja meczu Barca vs. Real?";"QC_DIRECT";"entity-other"
"hipi487";"Gdzie pochowano Hankę Mostowiak?";"QC_LOC:PLACE";"location-other"
"wyszuk440";"Czym karmić chomika?";"QC_NONPER";"food"
"hipi719";"Gdzie jedzie Tusk?";"QC_LOC:END";"location-other"
"169";"Jaki jest rekord promili?";"QC_STATE:GEN";"numeric-other"
"hipi588";"Kto będzie jurorem "Voice of Poland"?";"QC_PER:IDENT";"individual"
"wyszuk209";"Dokąd dotarła pierwsza wyprawa Kolumba?";"QC_LOC:END";"Location-other"
"242";""Co znaczy ""spring breakers""?"";"QC_DEF:MEANING";"expression"
"wyszuk531";"Po co rośliny wytwarzają owoce?";"QC_CAUSE";"reason"
"108";"Co zrobić, by stać się sławną?";"QC_NONPER";"description"
"wyszuk586";"Skąd wypłynął Titanic?";"QC_LOC:ORIG";"city"
"38";"Czy pracodawca musi oddać książeczkę sanepidowską?";"QC_DECISION";"yes-no"
"wyszuk535";"Po co są włosy łonowe?";"QC_CAUSE";"reason"
"hipi492";"Gdzie urodził się Zbigniew Boniek?";"QC_LOC:PLACE";"location-other"
"146";"Czego nie jeść podczas ciąży?";"QC_NONPER";"food"
"q200";"Jak mogą dokonać odpisu 1 procenta podatku na rzecz organizacji pożytku publicznego osoby, które z rent i emerytur rozliczają się za pośrednictwem ZUS?";"QC_PROCEDURE";"manner"
"hipi387";"Czy Wilda jest w Poznaniu?";"QC_DECISION";"yes-no"
"142";"Jak powstało Frugo?";"QC_PROCEDURE";"manner"
"hipi20";"Co to jest książka?";"QC_DEF:BE";"definition"
"wyszuk99";"Które psy są agresywne?";"QC_DIRECT";"animal"
"182";"Dlaczego czarny kolor przyciąga ciepło?";"QC_CAUSE";"reason"
"hipi479";"Gdzie leży Szczecin?";"QC_LOC:PLACE";"location-other"
"wyszuk14";"Z czym pić malibu?";"QC_NONPER";"food"
"hipi440";"Czy Waszyngton jest w Polsce?";"QC_DECISION";"yes-no"
"3";"Jak ściągać z YouTube muzykę?";"QC_PROCEDURE";"manner"
"hipi419";"Czy pies to zwierzę?";"QC_DECISION";"yes-no"
"wyszuk1";"Co to znaczy "lol"?";"QC_DEF:MEANING";"expression"
"hipi66";"Czy Sorbona jest w Nicei?";"QC_DECISION";"yes-no"
"hipi549";"Jak wymienić dowód osobisty?";"QC_PROCEDURE";"manner"
"wyszuk517";"W jaki sposób ludzie dostosowują się do zmian pogody?";"QC_PROCEDURE";"manner"
"wyszuk593";"Dlaczego kot gryzie?";"QC_CAUSE";"reason"
"wyszuk137";"Dlaczego włosy stają się suche i skręcone?";"QC_CAUSE";"reason"
"hipi601";"Kto to gej?";"QC_DEF:PER";"definition"
"wyszuk388";"Z czym łączyć kreatynę?";"QC_NONPER";"substance"
"wyszuk3";"Co to znaczy "swag"?";"QC_DEF:MEANING";"expression"
"hipi335";"Co to jest woda?";"QC_DEF:BE";"definition"
"hipi358";"Czy Delhi jest w Indiach?";"QC_DECISION";"yes-no"
"555";"Kogo Rzymianie nazywali barbarzyńcami?";"QC_PER:ARG";"group"
"wyszuk519";"Po co mieć dzieci?";"QC_CAUSE";"reason"
"pytki144";"Skąd ściągnąć "Minecrafta"?";"QC_LOC:ORIG";"web-page"
"wyszuk332";"Z czego słynie Islandia?";"QC_NONPER";"description"
"52";"Jak zamknąć konto osobiste w PKO?";"QC_PROCEDURE";"manner"
"177";"Jak założyć firmę?";"QC_PROCEDURE";"manner"
"hipi195";"Kim jest Robert Burneika?";"QC_DEF:PER";"description"
"wyszuk204";"Na co pomaga imbir i miód?";"QC_NONPER";"dis-med"
"hipi691";"Kto wylądował w warszawie?";"QC_PER:ARG";"individual"
"hipi311";"Co to jest krowa?";"QC_DEF:BE";"definition"
"hipi44";"Czy Berlin jest stolicą Niemiec?";"QC_DECISION";"yes-no"
"hipi421";"Czy Poznań jest w Polsce?";"QC_DECISION";"yes-no"
"wyszuk248";"Jaki okres historii biblijnej obejmuje Stary Testament?";"QC_DIRECT";"period"
"hipi243";"Lepper się zabił?";"QC_DECISION";"yes-no"
"hipi138";"Gdzie odbył się mecz z Grecją?";"QC_LOC:PLACE";"location-other"
"q169";"Czy w sytuacji przekształcenia spółki z ograniczoną odpowiedzialnością w spółkę akcyjną zostanie nadany nowy numer NIP?";"QC_DECISION";"yes-no"
"wyszuk13";"Z czym się pije martini?";"QC_NONPER";"food"
"q65";"Jakie warunki muszę spełnić aby skorzystać z odliczenia od dochodu wydatków poniesionych z tytułu użytkowania sieci Internet?";"QC_DIRECT";"description"
"hipi293";"Co to jest dom?";"QC_DEF:BE";"definition"
"wyszuk46";"Z czym pić Bacardi?";"QC_NONPER";"food"
"wyszuk356";"Z czego są parówki?";"QC_NONPER";"substance"
"hipi27";"Co to jest Wordnet?";"QC_DEF:BE";"definition"
"q229";"Na jakiej stronie będzie trzeba wypełnić deklarację podatkową?";"QC_DIRECT";"web-page"
"wyszuk155";"Dlaczego błonnik jest ważny?";"QC_CAUSE";"reason"
"hipi294";"Co to jest drzewo?";"QC_DEF:BE";"definition"
"26";"Gdzie kupić tanio sukienkę na studniówkę?";"QC_LOC:PLACE";"location-other"
"wyszuk227";"Dlaczego Heloci stali się problemem dla Sparty?";"QC_CAUSE";"reason"
"wyszuk268";"Jak powstał dubstep?";"QC_PROCEDURE";"manner"
"wyszuk526";"Po co hoduje się konie?";"QC_CAUSE";"reason"
"hipi121";"Gdzie jest krzyż?";"QC_LOC:PLACE";"location-other"
"wyszuk516";"W jaki sposób Napoleon doszedł do władzy?";"QC_PROCEDURE";"manner"
"wyszuk348";"Przez kogo sprawowany jest nadzór nad warunkami pracy?";"QC_PER:ARG";"institution"
"wyszuk364";"Gdzie umieścić czujnik czadu?";"QC_LOC:PLACE";"location-other"
"hipi389";"Czy Wilda leży w Poznaniu?";"QC_DECISION";"yes-no"
"pytki222";"Dlaczego nie ma serialu "Przepis na życie"?";"QC_CAUSE";"reason"
"wyszuk169";"W jakiej temperaturze piec indyka?";"QC_DIRECT";"temp"
"wyszuk51";"Na czym polega badanie EEG?";"QC_NONPER";"description"
"hipi689";"Kto jest winny katastrofie w Smoleńsku?";"QC_PER:ARG";"individual"
"34";"Z czego zasłynęli Benedyktyni?";"QC_NONPER";"description"
"wyszuk32";"Co to jest sumienie?";"QC_DEF:BE";"definition"
"wyszuk182";"Kiedy jest dzień babci?";"QC_TEMP:MOM";"date"
"wyszuk224";"Dlaczego zachowanie asertywne jest najkorzystniejsze dla jednostki?";"QC_CAUSE";"reason"
"hipi742";"Kiedy była katastrofa kolejowa?";"QC_TEMP:MOM";"date"
"hipi326";"Co to jest pies?";"QC_DEF:BE";"definition"
"hipi154";"Ile lat ma James Bond?";"QC_QUANTITY:GEN";"count"
"70";"O co chodzi z żółtą wstążką na smyczy?";"QC_DEF:MEANING";"description"
"hipi261";"W którym mieście są najtańsze mieszkania?";"QC_DIRECT";"city"
"hipi656";"Jak zrobić ekran dotykowy?";"QC_PROCEDURE";"manner"
"q185";"Jakie są ulgi dla podatników mających kłopoty?";"QC_DIRECT";"description"
"wyszuk45";"Z czym podawać kaczkę pieczoną?";"QC_NONPER";"food"
"hipi58";"Czy Moskwa jest stolicą Rosji?";"QC_DECISION";"yes-no"
"hipi252";"Polska ma gaz?";"QC_DECISION";"yes-no"
"hipi304";"Co to jest google?";"QC_DEF:BE";"definition"
"hipi715";"Czy w Polsce odbył się Marsz Równości?";"QC_DECISION";"yes-no"
"hipi290";"Co to jest bułka?";"QC_DEF:BE";"definition"
"hipi706";"Czy mogę uprawiać seks, mając zaledwie 11 lat?";"QC_DECISION";"yes-no"
"pytki149";"Co oznacza "lol"";"QC_DEF:MEANING";"expression"
"hipi416";"Czy Pałac Dożów leży w Rzymie?";"QC_DECISION";"yes-no"
"571";"Jak sformatować dysk?";"QC_PROCEDURE";"manner"
"hipi205";"Kiedy umarł Rysiek z "Klanu"?";"QC_TEMP:MOM";"date"
"418";"Do czego Grecy wykorzystywali winogrona?";"QC_NONPER";"description"
"hipi164";"Ile nóg ma stonoga?";"QC_QUANTITY:GEN";"count"
"hipi73";"Czy Statuła Wolności jest w Kanadzie?";"QC_DECISION";"yes-no"
"wyszuk409";"Do czego może doprowadzić anemia?";"QC_NONPER";"description"
"hipi187";"Jak włączyć komputer?";"QC_PROCEDURE";"manner"
"hipi302";"Co to jest gmina Brody?";"QC_DEF:BE";"definition"
"wyszuk165";"W jakiej temperaturze piec kurczaka?";"QC_DIRECT";"temp"
"q228";"Czy pożyczka udzielona przez teścia zięciowi korzysta ze zwolnienia z podatku od czynności cywilnoprawnych?";"QC_DECISION";"yes-no"
"wyszuk430";"Do kogo modlą się buddyści?";"QC_PER:ARG";"individual"
"31";"Jakie są barokowe zabytki Małopolski?";"QC_STATE:GEN";"entity-other"
"wyszuk530";"Po co aktualizować bios?";"QC_CAUSE";"reason"
"wyszuk95";"Z jakiego powodu łatwo powstają siniaki?";"QC_CAUSE";"reason"
"hipi68";"Czy Sorbona leży w Nicei?";"QC_DECISION";"yes-no"
"hipi117";"Gdzie jest Poznań?";"QC_LOC:PLACE";"location-other"
"240";"Jak zrobić zdjęcie?";"QC_PROCEDURE";"manner"
"wyszuk188";"Gdzie oglądać stream line movies za darmo?";"QC_LOC:PLACE";"www-address"
"wyszuk450";"Czym uszczelnić okna?";"QC_NONPER";"substance"
"hipi280";"Co to hipis?";"QC_DEF:BE";"definition"
"hipi166";"Ile trofeum LM wygrał Real Madryt?";"QC_QUANTITY:GEN";"count"
"hipi468";"Gdzie jest Uniwersytet im. Adama Mickiewicza?";"QC_LOC:PLACE";"location-other"
"hipi451";"Czym się karmi jeże?";"QC_NONPER";"food"
"158";"Dlaczego koty mruczą?";"QC_CAUSE";"reason"
"wyszuk35";"Co to jest list mazalny?";"QC_DEF:BE";"definition"
"wyszuk403";"Nad czym sprawuje nadzór Minister Obrony Narodowej?";"QC_NONPER";"description"
"hipi475";"Gdzie leży Madagaskar?";"QC_LOC:PLACE";"location-other"
"wyszuk6";"Co można robić we Wrocławiu?";"QC_NONPER";"description"
"hipi273";"Co jest stolicą polski?";"QC_NONPER";"city"
"wyszuk543";"Kogo można ubezwłasnowolnić?";"QC_PER:ARG";"individual"
"hipi178";"Jak ma na imię Tusk?";"QC_STATE:NAME";"individual"
"wyszuk23";"Kto był Zeus?";"QC_DEF:PER";"individual"
"hipi597";"Kto to był Hitler?";"QC_DEF:PER";"description"
"hipi382";"Czy Warszawa jest we Francji?";"QC_DECISION";"yes-no"
"wyszuk565";"Z kogo Polacy mogą być dumni?";"QC_PER:ARG";"individual"
"hipi565";"Jakiego koloru jest jabłko?";"QC_DIRECT";"color"
"88";"Jak nazywa się najnowszy singiel Rihanny?";"QC_STATE:NAME";"title"
"pytki219";"Czym oswoić zwierzęta w "Minecraft 1.4.5"?";"QC_NONPER";"entity-other"
"551";"Kogo Zbigniew Herbert nazywa dziedzicami?";"QC_PER:ARG";"individual"
"hipi275";"Co robi ZUS?";"QC_NONPER";"description"
"hipi53";"Czy Kijów jest stolicą Rosji?";"QC_DECISION";"yes-no"
"wyszuk564";"Jak można zarazić się HIV?";"QC_PROCEDURE";"manner"
"wyszuk87";"Jakiego koloru są żmije?";"QC_DIRECT";"color"
"41";"Co to jest asymptota?";"QC_DEF:BE";"definition"
"q87";"Kiedy przysługuje zwrot nadwyżki podatku naliczonego nad należnym w terminie skróconym – 25 dni?";"QC_TEMP:MOM";"description"
"wyszuk56";"Na czym polega obrzezanie?";"QC_NONPER";"description"
"hipi732";"Jak się robi dziurę w spodniach?";"QC_PROCEDURE";"manner"
"wyszuk577";"Jak najtaniej wybudować dom?";"QC_PROCEDURE";"manner"
"65";"Czym różnią się wydatki od rozchodów, a przychody od dochodów?";"QC_NONPER";"description"
"105";"Kto najlepiej zarabia w Polsce?";"QC_PER:ARG";"individual"
"wyszuk283";"Od kiedy wchodzą nowe przepisy na prawo jazdy?";"QC_TEMP:MOM";"date"
"28";"Jak nazywa się ojciec Edyty Górniak?";"QC_STATE:NAME";"individual"
"hipi488";"Gdzie położony jest Poznań?";"QC_LOC:PLACE";"location-other"
"hipi103";"Czy Wawel jest w Europie?";"QC_DECISION";"yes-no"
"hipi165";"Ile pieniędzy ma Bill Gates?";"QC_QUANTITY:GEN";"money"
"wyszuk146";"Dlaczego świat kończy się w 2012?";"QC_CAUSE";"reason"
"hipi25";"Co to jest ser?";"QC_DEF:BE";"definition"
"87";"Kiedy odbędzie się koncert Jennifer Lopez w Polsce?";"QC_TEMP:MOM";"date"
"wyszuk116";"Jak zrobić zakwas na chleb?";"QC_PROCEDURE";"manner"
"hipi126";"Gdzie leży Nil?";"QC_LOC:PLACE";"location-other"
"wyszuk494";"Jakie uprawnienia ma prezydent?";"QC_DIRECT";"description"
"hipi319";"Co to jest neurolingwistyczne programowanie?";"QC_DEF:BE";"definition"
"85";"Zamieszki w Hiszpanii - dlaczego nie mówią o tym w TV?";"QC_CAUSE";"reason"
"wyszuk298";"Jak po hiszpańsku jest "cześć"?";"QC_STATE:GEN";"expression"
"175";"Kto wynalazł pizzę?";"QC_PER:ARG";"individual"
"wyszuk483";"Jaka fryzura pasuje do owalnej twarzy?";"QC_DIRECT";"entity-other"
"hipi537";"Jak nagrać płytę DVD?";"QC_PROCEDURE";"manner"
"hipi80";"Czy Whitney Houston żyje?";"QC_DECISION";"yes-no"
"q80";"Jakie warunki muszę spełnić aby skorzystać z ulgi na zakup kasy rejestrującej w 2009 r. będąc osobą korzystającą ze zwolnienia podmiotowego (zgodnie z ustawą o VAT)?";"QC_DIRECT";"description"
"hipi364";"Czy Lizbona leży w Europie?";"QC_DECISION";"yes-no"
"q17";"Czy dochody małżonków uzyskiwane z wynajmu mieszkania będącego ich wspólną własnością mogą być deklarowane do opodatkowania tylko przez jednego z nich ?";"QC_DECISION";"yes-no"
"wyszuk428";"Do czego potrzebna jest witamina D?";"QC_NONPER";"description"
"322";"Z którym aktorem Anna Jopek nagrała płytę?";"QC_DIRECT";"individual"
"wyszuk454";"Czym otworzyć rmvb?";"QC_NONPER";"software"
"47";"Gdzie znajdę informacje o wysokości mienia Skarbu Państwa?";"QC_LOC:PLACE";"institution"
"wyszuk545";"Kogo nazywa się aniołami biznesu?";"QC_PER:ARG";"company"
"wyszuk333";"Z czego powstaje bursztyn?";"QC_NONPER";"substance"
"wyszuk509";"Jakie były losy królestwa Aleksandra Macedońskiego po jego śmierci?";"QC_STATE:GEN";"description"
"hipi136";"Gdzie mieszka yeti?";"QC_LOC:PLACE";"location-other"
"hipi374";"Czy Sheraton jest w Poznaniu?";"QC_DECISION";"yes-no"
"hipi436";"Czy w Poznaniu jest UAM?";"QC_DECISION";"yes-no"
"wyszuk325";"Z którymi państwami Polska współtworzy Grupę Wyszehradzką?";"QC_DIRECT";"country"
"178";"Jak tworzyć gry?";"QC_PROCEDURE";"manner"
"wyszuk24";"Kto to był Lucyfer?";"QC_DEF:PER";"individual"
"hipi292";"Co to jest czarna dziura?";"QC_DEF:BE";"definition"
"hipi70";"Czy Statua Wolności jest w Paryżu?";"QC_DECISION";"yes-no"
"hipi461";"Gdzie jest Polska?";"QC_LOC:PLACE";"location-other"
"wyszuk414";"Do czego Bóg powołał Mojżesza?";"QC_NONPER";"description"
"wyszuk151";"Dlaczego dziecko charczy?";"QC_CAUSE";"reason"
"q194";"Czy środki otrzymane od agencji rzadowych podlegają zwolnieniu od podatku dochodowego od osób fizycznych?";"QC_DECISION";"yes-no"
"75";"Ile mogę wypić kawy dziennie?";"QC_QUANTITY:GEN";"numeric-other"
"q103";"Jakie warunki należy spełnić, aby przysługiwała ulga z tytułu zakupu kasy rejestrującej?";"QC_DIRECT";"description"
"127";"Do kiedy można oddać indeks do dziekanatu?";"QC_TEMP:MOM";"date"
"hipi571";"Kiedy raport Millera?";"QC_TEMP:MOM";"date"
"221";"Gdzie w Krakowie znajduje się sklep New Yorker?";"QC_LOC:PLACE";"location-other"
"wyszuk493";"Jakie umiejętności wpisać w CV?";"QC_DIRECT";"description"
"68";"Jak pozbyć się osadu z czajnika elektrycznego?";"QC_PROCEDURE";"manner"
"wyszuk276";"Na kiedy Shakira ma termin porodu?";"QC_TEMP:MOM";"date"
"76";"Czym umyć drzwi prysznica?";"QC_NONPER";"substance"
"hipi79";"Czy USA leżą w Ameryce północnej?";"QC_DECISION";"yes-no"
"hipi540";"jak nazywał się Chopin?";"QC_STATE:NAME";"individual"
"117";"Jak zrobić gołąbki?";"QC_PROCEDURE";"manner"
"wyszuk75";"Jakie mam IP?";"QC_DIRECT";"numeric-other"
"wyszuk53";"Na czym polega dieta Dukana?";"QC_NONPER";"description"
"wyszuk11";"Czym jest wiara?";"QC_DEF:BE";"definition"
"104";"Ile kosztuje powiększenie ust?";"QC_QUANTITY:PRICE";"money"
"wyszuk485";"Jaka jest główna idea Internetu?";"QC_STATE:GEN";"description"
"wyszuk445";"Czym Edyp wydłubał sobie oczy?";"QC_NONPER";"artifact"
"wyszuk112";"Jak zarabiać siedząc w domu?";"QC_PROCEDURE";"manner"
"hipi469";"Gdzie kupić buty w Poznaniu?";"QC_LOC:ORIG";"location-other"
"wyszuk21";"Co to jest śledziona?";"QC_DEF:BE";"definition"
"209";"Ile czasu przeciętnie idzie list priorytetowy na Ukrainę?";"QC_TEMP:PER";"period"
"1";"Większa jednostka masy od tony?";"QC_DIRECT";"entity-other"
"wyszuk549";"Kogo chroni BOR?";"QC_PER:ARG";"individual"
"wyszuk274";"Na kiedy jest przewidywany koniec świata?";"QC_TEMP:MOM";"date"
"hipi395";"Czy eutanazja jest w Europie legalna?";"QC_DECISION";"yes-no"
"wyszuk106";"W którym roku urodził się Jan Paweł 2?";"QC_DIRECT";"date"
"143";"Dlaczego upadły PGR-y w Polsce?";"QC_CAUSE";"reason"
"wyszuk76";"Jakiemu dyktatorowi doradzał Friedman?";"QC_DIRECT";"individual"
"hipi71";"Czy Statua Wolności leży w Kalifornii?";"QC_DECISION";"yes-no"
"hipi515";"Ile oktaw ma klawiatura fortepianu?";"QC_QUANTITY:GEN";"count"
"559";"Kogo powiadomić o zmianie dowodu osobistego?";"QC_PER:ARG";"institution"
"wyszuk587";"Skąd tradycja ubierania choinki?";"QC_CAUSE";"reason"
"404";"Do czego służy tablet?";"QC_NONPER";"description"
"hipi599";"Kto to Chuck Norris?";"QC_DEF:PER";"description"
"54";"Gdzie znajdę informacje nt. poprawności wykonania budżetu?";"QC_LOC:PLACE";"institution"
"hipi512";"Ile ludzi mieszka w Polsce?";"QC_QUANTITY:GEN";"count"
"wyszuk10";"Czym jest miłość?";"QC_DEF:BE";"definition"
"hipi711";"Czy w Chorwacji jest euro?";"QC_DECISION";"yes-no"
"wyszuk444";"Czym edytować gif?";"QC_NONPER";"software"
"hipi584";"Kim jest mężczyzna?";"QC_DEF:PER";"definition"
"239";"Jak zrobić bokeh, czyli takie świecące kółka, w Photoshopie?";"QC_PROCEDURE";"manner"
"hipi105";"Czy Włocławek leży nad Wisłą?";"QC_DECISION";"yes-no"
"hipi193";"Jakiego koloru jest słońce?";"QC_DIRECT";"color"
"wyszuk383";"Którędy z Warszawy do Wrocławia?";"QC_LOC:TRAJ";"location-other"
"144";""Skąd ściągnąć ""Minecrafta""?"";"QC_LOC:ORIG";"web-page"
"200";"Jak mogę promować bloga?";"QC_PROCEDURE";"manner"
"458";"Czym impregnować buty?";"QC_NONPER";"substance"
"hipi707";"Czy to był zamach?";"QC_DECISION";"yes-no"
